Workbook
Name ListaExercicios: Exercícios!$B$2:$B$42

Sheet Instruções
A1: Planilha de Exercícios — Preenchimento (Lucas)
A3: Oi Lucas! Essa planilha vai virar o banco de dados de exercícios do nosso app.
A4: Cada aba abaixo representa uma parte diferente da informação. Preencha só as linhas
A5: com fundo AMARELO — a primeira linha de cada aba (fundo VERDE, em itálico) é um
A6: EXEMPLO já preenchido, só pra você ver o formato esperado. Não apague os exemplos.
A8: Pode adicionar quantas linhas precisar (copie o formato da última linha amarela).
A9: Se não souber uma informação ainda, deixe em branco — não precisa ser tudo de uma vez.
A11: Ordem sugerida para preencher as abas:
A12: 1. Dificuldades (já vem pronta, só revise)
A13: 2. Grupos Musculares (já vem pronta, só revise)
A14: 3. Equipamentos (adicione os que faltarem)
A15: 4. Exercícios (a aba principal)
... A38: -> aqui é onde você preenche os dados reais

Sheet Dificuldades
A1: Nível (1 a 3) | B1: Nome | C1: Descrição
A2: 1 | B2: Iniciante | C2: Movimento simples, baixo risco de lesão, ideal para quem nunca treinou
A3: 2 | B3: Intermediário | C3: Exige coordenação, controle de peso corporal ou técnica moderada
A4: 3 | B4: Avançado | C4: Exige força, equilíbrio ou mobilidade significativos, maior risco se mal executado

Sheet Grupos Musculares
A1: Nome do grupo muscular | B1: Descrição (opcional)
A2: Peitoral | B2: Músculos do peito
A3: Deltoides | B3: Ombros
A4: Tríceps
A5: Bíceps
A6: Dorsal (Latíssimo) | B6: Costas, região lateral
A7: Trapézio | B7: Costas, região superior
A8: Lombar | B8: Região inferior das costas
A9: Quadríceps | B9: Frente da coxa
A10: Posterior de coxa | B10: Isquiotibiais
A11: Glúteos
A12: Panturrilha
A13: Abdômen | B13: Core
A14: Antebraço
B15: Adicione outros grupos que faltarem aqui embaixo

Sheet Equipamentos
A1: Nome do equipamento | B1: Descrição (opcional)
A2: Barra reta | B2: Barra olímpica ou barra W, usada em supino, agachamento, remada etc.
A3: Halteres
A4: Banco reto
A5: Banco inclinado
A6: Máquina Smith
A7: Polia (cabo) | B7: Cross-over, puxador, tríceps na polia etc.
A8: Barra fixa | B8: Para pull-up / barra
A9: Kettlebell
A10: Elástico de resistência
A11: Nenhum (peso do corpo) | B11: Marque isso quando o exercício for calistenia pura
B12: Adicione outros equipamentos que faltarem aqui embaixo

Sheet Exercícios
A1: Código (gerado sozinho, não preencher) | B1: Nome do exercício | C1: Descrição breve | D1: Nível de dificuldade (1-3, ver aba Dificuldades) | E1: Grupo(s) muscular(es) (separe por vírgula, ver aba Grupos Musculares) | F1: Precisa de equipamento? (Sim/Não) | G1: Equipamento(s) necessário(s) (separe por vírgula, ver aba Equipamentos) | H1: Dica de execução | I1: Link do vídeo (se tiver)
A2: ="EX-"&TEXT(ROW()-1,"000") -> EX-001 | B2: Supino reto com barra | C2: Exercício de empurro para o peitoral, feito deitado em banco reto | D2: 2 | E2: Peitoral, Tríceps, Deltoides | F2: Sim | G2: Barra reta, Banco reto | H2: Mantenha os cotovelos levemente para dentro (não a 90°), não trave o cotovelo no topo do movimento | I2: https://exemplo.com/video-supino
A3: ="EX-"&TEXT(ROW()-1,"000") -> EX-002 | B3: Supino Inclinado com Halteres | C3: Exercício multiarticular focado no fortalecimento da parte superior do peitoral | D3: 2 | E3: Peitoral, Tríceps, Deltoides | F3: Sim | G3: Banco ajustável (30°) | H3: Antes de começar a empurrar o peso, imagine que você tem que prender uma caneta no meio das suas costas | I3: https://www.youtube.com/watch?v=F4Q1g2z8MWM
A4: ="EX-"&TEXT(ROW()-1,"000") -> EX-003 | B4: Voador Peitoral | C4: O voador (ou peck deck) é um exercício isolador para o peitoral realizado em máquina | D4: 1 | E4: Peitoral, Deltoíde anterior | F4: Sim | G4: Peck Deck | I4: https://www.youtube.com/watch?v=QRehkbV0R48
A5: ="EX-"&TEXT(ROW()-1,"000") -> EX-004 | B5: Puxada Alta | C5: A puxada alta é um exercício fundamental de musculação focado no fortalecimento dos músculos das costas | D5: 2 | E5: Latíssimo do dorso, Bíceps, Deltoide posterior | F5: Sim | G5: Pulley | H5: Puxe com os cotovelos, não com as mãos | I5: https://www.youtube.com/watch?v=mPmfwbc_svw
A6: ="EX-"&TEXT(ROW()-1,"000") -> EX-005 | B6: Remada Baixa
A7: ="EX-"&TEXT(ROW()-1,"000") -> EX-006
A8: ="EX-"&TEXT(ROW()-1,"000") -> EX-007
A9: ="EX-"&TEXT(ROW()-1,"000") -> EX-008
A10: ="EX-"&TEXT(ROW()-1,"000") -> EX-009
A11: ="EX-"&TEXT(ROW()-1,"000") -> EX-010
A12: ="EX-"&TEXT(ROW()-1,"000") -> EX-011
A13: ="EX-"&TEXT(ROW()-1,"000") -> EX-012
A14: ="EX-"&TEXT(ROW()-1,"000") -> EX-013
A15: ="EX-"&TEXT(ROW()-1,"000") -> EX-014
A16: ="EX-"&TEXT(ROW()-1,"000") -> EX-015
A17: ="EX-"&TEXT(ROW()-1,"000") -> EX-016
A18: ="EX-"&TEXT(ROW()-1,"000") -> EX-017
... A42: ="EX-"&TEXT(ROW()-1,"000") -> EX-041

Sheet Alternativas
A1: Exercício original (selecione da lista) | B1: Código (automático) | C1: Exercício alternativo (selecione da lista) | D1: Código (automático) | E1: Ordem de prioridade (1 = mais recomendada) | F1: Essa alternativa é sem equipamento? (Sim/Não)
A2: Supino reto com barra | B2: =IFERROR(INDEX(Exercícios!$A$2:$A$42,MATCH(A2,Exercícios!$B$2:$B$42,0)),"") -> EX-001 | C2: Flexão de braço | D2: =IFERROR(INDEX(Exercícios!$A$2:$A$42,MATCH(C2,Exercícios!$B$2:$B$42,0)),"") | E2: 1 | F2: Sim
A3: Supino Inclinado com Halteres | B3: =IFERROR(INDEX(Exercícios!$A$2:$A$42,MATCH(A3,Exercícios!$B$2:$B$42,0)),"") -> EX-002 | C3: Flexão Inclinada (Pés no Banco) | D3: =IFERROR(INDEX(Exercícios!$A$2:$A$42,MATCH(C3,Exercícios!$B$2:$B$42,0)),"") | E3: 1 | F3: Sim
A4: Voador Peitoral | B4: =IFERROR(INDEX(Exercícios!$A$2:$A$42,MATCH(A4,Exercícios!$B$2:$B$42,0)),"") -> EX-003 | C4: Crucifixo no cabo | D4: =IFERROR(INDEX(Exercícios!$A$2:$A$42,MATCH(C4,Exercícios!$B$2:$B$42,0)),"") | E4: 1 | F4: Não
A5: Puxada Alta | B5: =IFERROR(INDEX(Exercícios!$A$2:$A$42,MATCH(A5,Exercícios!$B$2:$B$42,0)),"") -> EX-004 | C5: Barra Fixa | D5: =IFERROR(INDEX(Exercícios!$A$2:$A$42,MATCH(C5,Exercícios!$B$2:$B$42,0)),"") | E5: 1 | F5: Não
B6: =IFERROR(INDEX(Exercícios!$A$2:$A$42,MATCH(A6,Exercícios!$B$2:$B$42,0)),"") | D6: =IFERROR(INDEX(Exercícios!$A$2:$A$42,MATCH(C6,Exercícios!$B$2:$B$42,0)),"")
B7: =IFERROR(INDEX(Exercícios!$A$2:$A$42,MATCH(A7,Exercícios!$B$2:$B$42,0)),"") | D7: =IFERROR(INDEX(Exercícios!$A$2:$A$42,MATCH(C7,Exercícios!$B$2:$B$42,0)),"")
B8: =IFERROR(INDEX(Exercícios!$A$2:$A$42,MATCH(A8,Exercícios!$B$2:$B$42,0)),"") | D8: =IFERROR(INDEX(Exercícios!$A$2:$A$42,MATCH(C8,Exercícios!$B$2:$B$42,0)),"")
B9: =IFERROR(INDEX(Exercícios!$A$2:$A$42,MATCH(A9,Exercícios!$B$2:$B$42,0)),"") | D9: =IFERROR(INDEX(Exercícios!$A$2:$A$42,MATCH(C9,Exercícios!$B$2:$B$42,0)),"")
B10: =IFERROR(INDEX(Exercícios!$A$2:$A$42,MATCH(A10,Exercícios!$B$2:$B$42,0)),"") | D10: =IFERROR(INDEX(Exercícios!$A$2:$A$42,MATCH(C10,Exercícios!$B$2:$B$42,0)),"")
B11: =IFERROR(INDEX(Exercícios!$A$2:$A$42,MATCH(A11,Exercícios!$B$2:$B$42,0)),"") | D11: =IFERROR(INDEX(Exercícios!$A$2:$A$42,MATCH(C11,Exercícios!$B$2:$B$42,0)),"")
B12: =IFERROR(INDEX(Exercícios!$A$2:$A$42,MATCH(A12,Exercícios!$B$2:$B$42,0)),"") | D12: =IFERROR(INDEX(Exercícios!$A$2:$A$42,MATCH(C12,Exercícios!$B$2:$B$42,0)),"")
B13: =IFERROR(INDEX(Exercícios!$A$2:$A$42,MATCH(A13,Exercícios!$B$2:$B$42,0)),"") | D13: =IFERROR(INDEX(Exercícios!$A$2:$A$42,MATCH(C13,Exercícios!$B$2:$B$42,0)),"")
B14: =IFERROR(INDEX(Exercícios!$A$2:$A$42,MATCH(A14,Exercícios!$B$2:$B$42,0)),"") | D14: =IFERROR(INDEX(Exercícios!$A$2:$A$42,MATCH(C14,Exercícios!$B$2:$B$42,0)),"")
B15: =IFERROR(INDEX(Exercícios!$A$2:$A$42,MATCH(A15,Exercícios!$B$2:$B$42,0)),"") | D15: =IFERROR(INDEX(Exercícios!$A$2:$A$42,MATCH(C15,Exercícios!$B$2:$B$42,0)),"")
B16: =IFERROR(INDEX(Exercícios!$A$2:$A$42,MATCH(A16,Exercícios!$B$2:$B$42,0)),"") | D16: =IFERROR(INDEX(Exercícios!$A$2:$A$42,MATCH(C16,Exercícios!$B$2:$B$42,0)),"")
B17: =IFERROR(INDEX(Exercícios!$A$2:$A$42,MATCH(A17,Exercícios!$B$2:$B$42,0)),"") | D17: =IFERROR(INDEX(Exercícios!$A$2:$A$42,MATCH(C17,Exercícios!$B$2:$B$42,0)),"")
... B42: =IFERROR(INDEX(Exercícios!$A$2:$A$42,MATCH(A42,Exercícios!$B$2:$B$42,0)),"") | D42: =IFERROR(INDEX(Exercícios!$A$2:$A$42,MATCH(C42,Exercícios!$B$2:$B$42,0)),"")
A44: Lembrete: cada exercício original precisa ter PELO MENOS UMA linha com 'Sem equipamento' = Sim entre suas alternativas.
A45: Clique na célula das colunas 'Exercício original' / 'Exercício alternativo' e escolha o nome na lista — o código preenche sozinho ao lado.

Sheet Passos de Execução
A1: Exercício (selecione da lista) | B1: Código (automático) | C1: Ordem do passo (1, 2, 3...) | D1: Descrição do passo | E1: Dica extra do passo (opcional)
A2: Supino reto com barra | B2: =IFERROR(INDEX(Exercícios!$A$2:$A$42,MATCH(A2,Exercícios!$B$2:$B$42,0)),"") -> EX-001 | C2: 1 | D2: Deite no banco com os pés apoiados no chão e retire a barra do suporte | E2: Mantenha as escápulas retraídas contra o banco
A3: Supino Inclinado com Halteres | B3: =IFERROR(INDEX(Exercícios!$A$2:$A$42,MATCH(A3,Exercícios!$B$2:$B$42,0)),"") -> EX-002 | C3: 1 | D3: ajuste o banco para uma inclinação de 30° , Sente-se no banco e apoie cada haltere em cima dos seus joelhos
A4: Supino Inclinado com Halteres | B4: =IFERROR(INDEX(Exercícios!$A$2:$A$42,MATCH(A4,Exercícios!$B$2:$B$42,0)),"") -> EX-002 | C4: 2 | D4: Para deitar com segurança, use as coxas para impulsionar, os halteres para cima, um de cada vez, enquanto deita as costas no banco
A5: Supino Inclinado com Halteres | B5: =IFERROR(INDEX(Exercícios!$A$2:$A$42,MATCH(A5,Exercícios!$B$2:$B$42,0)),"") -> EX-002 | C5: 3 | D5: Mantenha os pés firmes no chão para dar estabilidade, e feche as escápulas
A6: Supino Inclinado com Halteres | B6: =IFERROR(INDEX(Exercícios!$A$2:$A$42,MATCH(A6,Exercícios!$B$2:$B$42,0)),"") -> EX-002 | C6: 4 | D6: Desça os halteres de forma controlada até o lado do seu peitoral superior
A7: Supino Inclinado com Halteres | B7: =IFERROR(INDEX(Exercícios!$A$2:$A$42,MATCH(A7,Exercícios!$B$2:$B$42,0)),"") -> EX-002 | C7: 5 | D7: Empurre os halteres para cima com força, concentrando o esforço no peitoral. | E7: Evite esticar o cotovelo completamente no topo para não tirar o estímulo do peito
A8: Voador Peitoral | B8: =IFERROR(INDEX(Exercícios!$A$2:$A$42,MATCH(A8,Exercícios!$B$2:$B$42,0)),"") -> EX-003 | C8: 1 | D8: Regule a altura do assento para que as manoplas fiquem exatamente na linha do meio do seu peitoral
A9: Voador Peitoral | B9: =IFERROR(INDEX(Exercícios!$A$2:$A$42,MATCH(A9,Exercícios!$B$2:$B$42,0)),"") -> EX-003 | C9: 2 | D9: Posicione os braços da máquina em uma abertura que permita alongar o peitoral
A10: Voador Peitoral | B10: =IFERROR(INDEX(Exercícios!$A$2:$A$42,MATCH(A10,Exercícios!$B$2:$B$42,0)),"") -> EX-003 | C10: 3 | D10: Pressione as manoplas para a frente até que se aproximem na frente do peito
A11: Voador Peitoral | B11: =IFERROR(INDEX(Exercícios!$A$2:$A$42,MATCH(A11,Exercícios!$B$2:$B$42,0)),"") -> EX-003 | C11: 4 | D11: Retorne os braços de forma lenta e controlada até sentir o peitoral alongar bem
A12: Puxada Alta | B12: =IFERROR(INDEX(Exercícios!$A$2:$A$42,MATCH(A12,Exercícios!$B$2:$B$42,0)),"") -> EX-004 | C12: 1 | D12: Puxe a barra em direção à parte superior do peito
A13: Puxada Alta | B13: =IFERROR(INDEX(Exercícios!$A$2:$A$42,MATCH(A13,Exercícios!$B$2:$B$42,0)),"") -> EX-004 | C13: 2 | D13: faça uma breve pausa de 1 segundo mantendo a musculatura das costas contraída
A14: Puxada Alta | B14: =IFERROR(INDEX(Exercícios!$A$2:$A$42,MATCH(A14,Exercícios!$B$2:$B$42,0)),"") -> EX-004 | C14: 3 | D14: Suba a barra de forma controlada
B15: =IFERROR(INDEX(Exercícios!$A$2:$A$42,MATCH(A15,Exercícios!$B$2:$B$42,0)),"")
B16: =IFERROR(INDEX(Exercícios!$A$2:$A$42,MATCH(A16,Exercícios!$B$2:$B$42,0)),"")
B17: =IFERROR(INDEX(Exercícios!$A$2:$A$42,MATCH(A17,Exercícios!$B$2:$B$42,0)),"")
B18: =IFERROR(INDEX(Exercícios!$A$2:$A$42,MATCH(A18,Exercícios!$B$2:$B$42,0)),"")
B19: =IFERROR(INDEX(Exercícios!$A$2:$A$42,MATCH(A19,Exercícios!$B$2:$B$42,0)),"")
B20: =IFERROR(INDEX(Exercícios!$A$2:$A$42,MATCH(A20,Exercícios!$B$2:$B$42,0)),"")
B21: =IFERROR(INDEX(Exercícios!$A$2:$A$42,MATCH(A21,Exercícios!$B$2:$B$42,0)),"")
B22: =IFERROR(INDEX(Exercícios!$A$2:$A$42,MATCH(A22,Exercícios!$B$2:$B$42,0)),"")
B23: =IFERROR(INDEX(Exercícios!$A$2:$A$42,MATCH(A23,Exercícios!$B$2:$B$42,0)),"")
B24: =IFERROR(INDEX(Exercícios!$A$2:$A$42,MATCH(A24,Exercícios!$B$2:$B$42,0)),"")
B25: =IFERROR(INDEX(Exercícios!$A$2:$A$42,MATCH(A25,Exercícios!$B$2:$B$42,0)),"")
B26: =IFERROR(INDEX(Exercícios!$A$2:$A$42,MATCH(A26,Exercícios!$B$2:$B$42,0)),"")
... B32: =IFERROR(INDEX(Exercícios!$A$2:$A$42,MATCH(A32,Exercícios!$B$2:$B$42,0)),"")
A34: Essa aba é opcional — use só para exercícios em que vale a pena detalhar passo a passo (ex: agachamento, levantamento terra).
