Workbook

Sheet LEIA-ME
A1: alternafit - planilha v4 (modelo de banco de dados)
A3: Cada aba é uma TABELA do banco. A primeira linha é o nome das colunas (snake_case, sem acento) e cada linha seguinte é um registro.
A4: Os IDs são números fixos (não fórmulas): podem ser importados direto no MySQL/Django. Nunca reordene ou renumere IDs sem atualizar as tabelas que os usam.
A5: Colunas cinza (começam com _aux_ ou _calc_) são só para leitura humana/validação: NÃO importar no banco.
A7: TABELAS
A8: Cadastros (lookup): nivel_dificuldade, grupo_muscular, equipamento, padrao_movimento, fonte
A9: Principal: exercicio (1 linha por exercício, nome único em português; termo em inglês em nome_en)
A10: Relacionamentos N-N: exercicio_grupo_muscular, exercicio_equipamento, exercicio_alternativo, exercicio_fonte
A11: Detalhes: exercicio_passo (passo a passo), exercicio_apelido (nomes alternativos para a busca)
A12: Conferência: checagem_regras (confere automaticamente a regra de 2 a 4 alternativas com 1 sem equipamento) e mudancas
A14: REGRAS DO MODELO
A15: 1. Nenhum exercício aparece duas vezes. Variações reais (ex.: Encolhimento com Halteres x com Barra) são exercícios distintos; tradução do mesmo exercício vira apelido.
... A26: Coluna status_dados (aba exercicio): 'Com fonte' = confirmado em fonte técnica (ver exercicio_fonte); 'Sem fonte - dado do Lucas' e 'Sem fonte específica (revisar)' = precisam de validação.

Sheet exercicio
A1: id | B1: nome | C1: nome_en | D1: descricao | E1: nivel_id | F1: padrao_movimento_id | G1: dica_execucao | H1: video_url | I1: status_dados | J1: observacao | K1: _calc_exige_equipamento | L1: _calc_n_alternativas
A2: 1 | B2: Supino Reto com Barra | C2: Barbell Bench Press | D2: Pressão horizontal com barra, deitado em banco reto, principal exercício composto de peitoral | E2: 2 | F2: 1 | G2: Mantenha os cotovelos a cerca de 45-75° do tronco na descida (não a 90°); não trave o cotovelo no topo do movimento | I2: Com fonte | K2: =COUNTIF(exercicio_equipamento!$A$2:$A$400,A2)>0 -> TRUE | L2: =COUNTIF(exercicio_alternativo!$A$2:$A$400,A2) -> 4
A3: 2 | B3: Supino Inclinado com Halteres | C3: Incline Dumbbell Press | D3: Pressão em banco inclinado (30°), enfatiza a porção clavicular (superior) do peitoral maior | E3: 2 | F3: 1 | G3: Não trave os cotovelos no topo; não deixe os halteres caírem rápido nem 'quicar' no fundo do movimento | H3: https://www.youtube.com/watch?v=F4Q1g2z8MWM | I3: Com fonte | K3: =COUNTIF(exercicio_equipamento!$A$2:$A$400,A3)>0 -> TRUE | L3: =COUNTIF(exercicio_alternativo!$A$2:$A$400,A3) -> 4
A4: 3 | B4: Voador Peitoral | C4: Pec Deck Fly | D4: Movimento de adução horizontal dos braços na máquina peck deck, isola o peitoral com trajetória guiada | E4: 1 | F4: 3 | G4: Ajuste banco e manoplas para apoiar os cotovelos com os braços na horizontal; mantenha leve flexão fixa nos cotovelos e controle a volta | H4: https://www.youtube.com/watch?v=QRehkbV0R48 | I4: Com fonte | K4: =COUNTIF(exercicio_equipamento!$A$2:$A$400,A4)>0 -> TRUE | L4: =COUNTIF(exercicio_alternativo!$A$2:$A$400,A4) -> 3
A5: 4 | B5: Flexão de Braço | C5: Push-up | D5: Empurra o corpo do chão com os braços, mantendo o corpo alinhado da cabeça aos pés | E5: 2 | F5: 1 | G5: Contraia o abdômen para manter o tronco firme e o corpo em linha reta da cabeça aos pés; mãos na largura dos ombros, pense em empurrar o chão | I5: Com fonte | J5: Nível 2 conforme ACE (Intermediário). Versão mais fácil: flexão com as mãos apoiadas na parede | K5: =COUNTIF(exercicio_equipamento!$A$2:$A$400,A5)>0 -> FALSE | L5: =COUNTIF(exercicio_alternativo!$A$2:$A$400,A5) -> 4
A6: 5 | B6: Flexão com Apoio Afastado | C6: Wide Push-up | D6: Flexão com as mãos mais afastadas que os ombros, maior ênfase no peitoral | E6: 1 | F6: 1 | G6: Mãos mais afastadas que os ombros, desça flexionando os cotovelos para os lados até o peito ficar logo abaixo da linha dos cotovelos | I6: Com fonte | K6: =COUNTIF(exercicio_equipamento!$A$2:$A$400,A6)>0 -> FALSE | L6: =COUNTIF(exercicio_alternativo!$A$2:$A$400,A6) -> 4
A7: 6 | B7: Flexão com Pés Elevados | C7: Decline Push-up | D7: Flexão com os pés apoiados em um ponto mais alto (parede), enfatiza a parte superior do peitoral e os ombros | E7: 2 | F7: 1 | G7: Mãos um pouco mais largas que os ombros, corpo reto da cabeça aos pés; quanto mais alto o apoio dos pés, maior a ênfase na parte superior do peitoral/deltoide anterior | I7: Com fonte | J7: Pés apoiados na parede (parede não conta como equipamento) | K7: =COUNTIF(exercicio_equipamento!$A$2:$A$400,A7)>0 -> FALSE | L7: =COUNTIF(exercicio_alternativo!$A$2:$A$400,A7) -> 4
A8: 7 | B8: Mergulho em Paralelas | C8: Parallel Bar Dip | D8: Desce e sobe o corpo apoiado em barras paralelas, flexionando e estendendo os cotovelos | E8: 2 | F8: 2 | G8: Segure as barras na largura dos ombros; desça controlando até os braços ficarem paralelos ao chão (mais fundo só se não houver dor) e suba estendendo os cotovelos | I8: Com fonte | K8: =COUNTIF(exercicio_equipamento!$A$2:$A$400,A8)>0 -> TRUE | L8: =COUNTIF(exercicio_alternativo!$A$2:$A$400,A8) -> 3
A9: 8 | B9: Flexão Diamante | C9: Diamond Push-up | D9: Flexão com as mãos juntas formando um diamante sob o peito, maior ênfase no tríceps | E9: 2 | F9: 1 | G9: Mãos juntas sob o peito formando um diamante, cotovelos colados ao tronco, descer até quase tocar o peito no chão | I9: Com fonte | K9: =COUNTIF(exercicio_equipamento!$A$2:$A$400,A9)>0 -> FALSE | L9: =COUNTIF(exercicio_alternativo!$A$2:$A$400,A9) -> 4
A10: 9 | B10: Flexão em Pique | C10: Pike Push-up | D10: Flexão com o quadril elevado em V invertido; simula o desenvolvimento de ombros | E10: 2 | F10: 2 | G10: Posição de V invertido, cotovelos a ~45° do corpo, desça a cabeça em direção ao chão sem deixar o quadril cair | I10: Com fonte | K10: =COUNTIF(exercicio_equipamento!$A$2:$A$400,A10)>0 -> FALSE | L10: =COUNTIF(exercicio_alternativo!$A$2:$A$400,A10) -> 4
A11: 10 | B11: Flexão nas Pontas dos Dedos | C11: Fingertip Push-up | D11: Flexão apoiada apenas nas pontas dos dedos; exige grande força de preensão (começar com joelhos no chão) | E11: 3 | F11: 1 | G11: Flexão de braço apoiada apenas nas pontas dos dedos; exige grande força de preensão. Fazer primeiro com os joelhos no chão | I11: Com fonte | K11: =COUNTIF(exercicio_equipamento!$A$2:$A$400,A11)>0 -> FALSE | L11: =COUNTIF(exercicio_alternativo!$A$2:$A$400,A11) -> 3
A12: 11 | B12: Desenvolvimento com Halteres | C12: Dumbbell Shoulder Press | D12: Pressão vertical dos halteres acima da cabeça, sentado ou em pé, principal exercício composto de deltoide anterior | E12: 2 | F12: 2 | G12: Mantenha o core contraído para estabilizar o tronco; evite hiperextensão lombar; desça os halteres de forma controlada até a altura dos ombros | H12: https://www.youtube.com/watch?v=eufDL9MmF8A | I12: Com fonte | J12: Nível revisado de 3 para 2 na pesquisa - confirmar com professor | K12: =COUNTIF(exercicio_equipamento!$A$2:$A$400,A12)>0 -> TRUE | L12: =COUNTIF(exercicio_alternativo!$A$2:$A$400,A12) -> 3
A13: 12 | B13: Elevação Lateral no Cabo | C13: Cable Lateral Raise | D13: Elevação do braço lateralmente contra a resistência de um cabo/polia baixa, isola a porção lateral do deltoide | E13: 2 | F13: 3 | G13: Fique de pé próximo à polia; eleve a alça lateralmente e com controle até o braço ficar na horizontal; priorize execução estrita com carga leve | H13: https://www.youtube.com/watch?v=9zh-c9JQN9k | I13: Com fonte | K13: =COUNTIF(exercicio_equipamento!$A$2:$A$400,A13)>0 -> TRUE | L13: =COUNTIF(exercicio_alternativo!$A$2:$A$400,A13) -> 3
A14: 13 | B14: Elevação Lateral na Máquina | C14: Machine Lateral Raise | D14: Elevação lateral dos braços em máquina guiada; isola o deltoide lateral | E14: 1 | F14: 3 | G14: Ajuste o banco para alinhar os ombros ao eixo da máquina; eleve os braços até a altura dos ombros sem encolher o trapézio | I14: Com fonte | K14: =COUNTIF(exercicio_equipamento!$A$2:$A$400,A14)>0 -> TRUE | L14: =COUNTIF(exercicio_alternativo!$A$2:$A$400,A14) -> 3
A15: 14 | B15: Crucifixo Invertido na Polia | C15: Cable Reverse Fly | D15: Abertura horizontal dos braços contra a resistência de duas polias cruzadas, isola a porção posterior do deltoide | E15: 1 | F15: 3 | G15: Posicione duas polias na altura dos ombros; segure a alça oposta com cada mão; abra os braços até a altura dos ombros, pausando antes de retornar devagar | H15: https://www.youtube.com/watch?v=vVDeOaw1T5g | I15: Com fonte | K15: =COUNTIF(exercicio_equipamento!$A$2:$A$400,A15)>0 -> TRUE | L15: =COUNTIF(exercicio_alternativo!$A$2:$A$400,A15) -> 3
A16: 15 | B16: Elevação Prona em T | C16: Prone T-Raise | D16: Deitado de bruços, eleva os braços abertos em T; trabalha deltoide posterior e escápulas | E16: 1 | F16: 3 | G16: Deite de bruços, braços abertos em T com palmas para baixo; eleve os braços poucos centímetros do chão, segure e desça devagar | I16: Com fonte | K16: =COUNTIF(exercicio_equipamento!$A$2:$A$400,A16)>0 -> FALSE | L16: =COUNTIF(exercicio_alternativo!$A$2:$A$400,A16) -> 3
A17: 16 | B17: Anjo da Neve Invertido | C17: Reverse Snow Angel | D17: Deitado de bruços, move os braços em arco como um anjo na neve ao contrário | E17: 1 | F17: 3 | G17: Deite de bruços, junte as escápulas, mova os braços simulando um anjo na neve ao contrário, sem encolher os ombros | I17: Com fonte | K17: =COUNTIF(exercicio_equipamento!$A$2:$A$400,A17)>0 -> FALSE | L17: =COUNTIF(exercicio_alternativo!$A$2:$A$400,A17) -> 3
A18: 17 | B18: Puxada Alta | C18: Lat Pulldown | D18: Puxada da barra na polia alta até a parte superior do peito, sentado | E18: 2 | F18: 4 | G18: Puxe os cotovelos para baixo e para trás, levando a barra até abaixo do queixo; junte as escápulas no final; evite usar o corpo para dar embalo | H18: https://www.youtube.com/watch?v=mPmfwbc_svw | I18: Com fonte | K18: =COUNTIF(exercicio_equipamento!$A$2:$A$400,A18)>0 -> TRUE | L18: =COUNTIF(exercicio_alternativo!$A$2:$A$400,A18) -> 4
A19: 18 | B19: Remada Baixa | C19: Seated Cable Row | D19: Remada sentado na polia baixa com puxador triângulo, tronco ereto | E19: 1 | F19: 5 | G19: Mantenha o tronco ereto, cotovelos próximos ao corpo, puxe até o abdômen e junte as escápulas; não deixe os ombros subirem em direção às orelhas | H19: https://www.youtube.com/watch?v=f8AVh4VBbos | I19: Com fonte | K19: =COUNTIF(exercicio_equipamento!$A$2:$A$400,A19)>0 -> TRUE | L19: =COUNTIF(exercicio_alternativo!$A$2:$A$400,A19) -> 4
A20: 19 | B20: Remada Unilateral Articulada | C20: Machine One-Arm Row | D20: Remada em máquina articulada (iso-lateral) com apoio de peito, um braço por vez ou os dois juntos | E20: 2 | F20: 5 | G20: Mantenha o peito apoiado no encosto e puxe a manopla levando o cotovelo para trás; contraia por 1-2 s antes de voltar, sem girar o tronco | H20: https://www.youtube.com/watch?v=f8AVh4VBbos | I20: Com fonte | J20: Nível revisado de 1 para 2 na pesquisa - confirmar com professor | K20: =COUNTIF(exercicio_equipamento!$A$2:$A$400,A20)>0 -> TRUE | L20: =COUNTIF(exercicio_alternativo!$A$2:$A$400,A20) -> 4
A21: 20 | B21: Puxada Unilateral na Polia | C21: Single-Arm Cable Pulldown | D21: Puxada de um braço por vez na polia alta | E21: 2 | F21: 4 | G21: Sentado de frente para a polia alta, puxe o cabo com um braço até a altura do queixo/peito, controlando a volta | I21: Com fonte | K21: =COUNTIF(exercicio_equipamento!$A$2:$A$400,A21)>0 -> TRUE | L21: =COUNTIF(exercicio_alternativo!$A$2:$A$400,A21) -> 3
A22: 21 | B22: Remada Invertida | C22: Inverted Row | D22: Deitado sob uma barra baixa, puxa o peito até a barra com o corpo reto | E22: 1 | F22: 5 | G22: Deite-se sob uma barra na altura da cintura, pegada pronada, corpo reto, puxe o peito até a barra apertando as escápulas | I22: Com fonte | J22: Exige uma barra (barra baixa, Smith ou rack): conta como equipamento | K22: =COUNTIF(exercicio_equipamento!$A$2:$A$400,A22)>0 -> TRUE | L22: =COUNTIF(exercicio_alternativo!$A$2:$A$400,A22) -> 3
A23: 22 | B23: Barra Fixa | C23: Pull-up | D23: Pendurado na barra fixa, puxa o corpo para cima até o queixo passar da barra | E23: 3 | F23: 4 | G23: Pegada pronada, um pouco mais larga que os ombros; puxe até o queixo passar da barra, sem balançar as pernas | I23: Com fonte | J23: Barra fixa conta como equipamento | K23: =COUNTIF(exercicio_equipamento!$A$2:$A$400,A23)>0 -> TRUE | L23: =COUNTIF(exercicio_alternativo!$A$2:$A$400,A23) -> 3
A24: 23 | B24: Encolhimento com Halteres | C24: Dumbbell Shrug | D24: Eleva os ombros em direção às orelhas segurando halteres, sem flexionar os cotovelos | E24: 1 | F24: 6 | G24: Puxe os ombros para baixo e para trás antes de iniciar; suba só com os ombros (sem usar os braços), pausa breve no topo e desça controlado | I24: Com fonte | K24: =COUNTIF(exercicio_equipamento!$A$2:$A$400,A24)>0 -> TRUE | L24: =COUNTIF(exercicio_alternativo!$A$2:$A$400,A24) -> 3
A25: 24 | B25: Encolhimento com Barra | C25: Barbell Shrug | D25: Eleva os ombros em direção às orelhas segurando uma barra, sem flexionar os cotovelos | E25: 1 | F25: 6 | G25: Segure a barra à frente das coxas com pegada na largura dos ombros; eleve os ombros em direção às orelhas, pause e desça controlando | I25: Com fonte | K25: =COUNTIF(exercicio_equipamento!$A$2:$A$400,A25)>0 -> TRUE | L25: =COUNTIF(exercicio_alternativo!$A$2:$A$400,A25) -> 3
A26: 25 | B26: Elevação Prona em Y | C26: Prone Y-Raise | D26: Deitado de bruços, braços em Y acima da cabeça; levanta peito e braços do chão | E26: 1 | F26: 6 | G26: Deitado de bruços, braços estendidos em Y acima da cabeça; levante peito e braços do chão simultaneamente, segure 1-2s e desça controlado | I26: Com fonte | K26: =COUNTIF(exercicio_equipamento!$A$2:$A$400,A26)>0 -> FALSE | L26: =COUNTIF(exercicio_alternativo!$A$2:$A$400,A26) -> 3
A27: 26 | B27: Anjo e Diabo Prono | C27: Prone Angel and Devil | D27: Deitado de bruços, abre os braços em arco até a lombar, virando as palmas para cima | E27: 2 | F27: 6 | G27: Deitado de bruços, peito levantado, braços em posição de oração; abra os braços em arco até a lombar, virando as palmas para cima | I27: Com fonte | K27: =COUNTIF(exercicio_equipamento!$A$2:$A$400,A27)>0 -> FALSE | L27: =COUNTIF(exercicio_alternativo!$A$2:$A$400,A27) -> 3
A28: 27 | B28: Hiperextensão Lombar | C28: Back Extension | D28: Extensão de tronco em banco romano, apoiando quadril/pernas, sobe e desce o tronco | E28: 2 | F28: 18 | G28: Desça o tronco controlado, contraia os eretores da espinha para subir até formar uma linha reta da cabeça aos calcanhares; não hiperestenda além da linha neutra | I28: Com fonte | K28: =COUNTIF(exercicio_equipamento!$A$2:$A$400,A28)>0 -> TRUE | L28: =COUNTIF(exercicio_alternativo!$A$2:$A$400,A28) -> 3
A29: 28 | B29: Good Morning | C29: Good Morning | D29: Com a barra nas costas, flexiona o quadril levando o tronco à frente com a coluna reta | E29: 3 | F29: 13 | G29: Barra apoiada na parte superior das costas, flexione o quadril para frente mantendo a coluna reta até quase paralelo ao chão | I29: Com fonte | J29: A lombar trabalha principalmente de forma isométrica; motor primário é posterior de coxa/glúteos | K29: =COUNTIF(exercicio_equipamento!$A$2:$A$400,A29)>0 -> TRUE | L29: =COUNTIF(exercicio_alternativo!$A$2:$A$400,A29) -> 3
A30: 29 | B30: Superman | C30: Superman | D30: Deitado de bruços, levanta braços e pernas do chão ao mesmo tempo, trabalhando a lombar | E30: 1 | F30: 18 | G30: Deitado de bruços, pernas e braços estendidos; levante braços e pernas ~15cm do chão simultaneamente, contraindo glúteos, core e lombar; segure 2-3s | I30: Com fonte | K30: =COUNTIF(exercicio_equipamento!$A$2:$A$400,A30)>0 -> FALSE | L30: =COUNTIF(exercicio_alternativo!$A$2:$A$400,A30) -> 3
A31: 30 | B31: Rosca Direta na Polia Baixa | C31: Cable Biceps Curl | D31: Flexão de cotovelos em pé, puxando a barra (ou corda) da polia baixa | E31: 1 | F31: 7 | G31: Não deixe o braço ir para trás durante a subida; mantenha-o parado ou levemente à frente do tronco | H31: https://www.youtube.com/watch?v=zqklqTcOsbo | I31: Com fonte | K31: =COUNTIF(exercicio_equipamento!$A$2:$A$400,A31)>0 -> TRUE | L31: =COUNTIF(exercicio_alternativo!$A$2:$A$400,A31) -> 4
A32: 31 | B32: Rosca Scott na Máquina | C32: Machine Preacher Curl | D32: Flexão de cotovelos com apoio do braço em banco Scott (máquina), isola o bíceps | E32: 1 | F32: 7 | G32: Apoie bem a parte de trás do braço no banco para isolar o bíceps | H32: https://www.youtube.com/watch?v=dVKX-gyJYSI | I32: Com fonte | J32: Fonte parcial: conteúdo da página não pôde ser conferido - revisar | K32: =COUNTIF(exercicio_equipamento!$A$2:$A$400,A32)>0 -> TRUE | L32: =COUNTIF(exercicio_alternativo!$A$2:$A$400,A32) -> 3
A33: 32 | B33: Rosca Inclinada com Halteres | C33: Incline Dumbbell Curl | D33: Rosca de bíceps sentado em banco inclinado (45°), braços pendendo atrás do tronco | E33: 1 | F33: 7 | G33: Sente no banco inclinado e deixe os braços pendurados retos ao lado do corpo, levemente atrás do tronco; flexione só os cotovelos | H33: https://www.youtube.com/watch?v=Os0CbdSre6I | I33: Com fonte | K33: =COUNTIF(exercicio_equipamento!$A$2:$A$400,A33)>0 -> TRUE | L33: =COUNTIF(exercicio_alternativo!$A$2:$A$400,A33) -> 3
A34: 33 | B34: Rosca Scott com Halteres | C34: Dumbbell Preacher Curl | D34: Rosca de bíceps com o braço apoiado no banco Scott, usando halteres | E34: 1 | F34: 7 | G34: Um braço por vez, com a parte de trás do braço bem apoiada no banco Scott; permite corrigir desequilíbrios entre os lados | I34: Com fonte | K34: =COUNTIF(exercicio_equipamento!$A$2:$A$400,A34)>0 -> TRUE | L34: =COUNTIF(exercicio_alternativo!$A$2:$A$400,A34) -> 3
A35: 34 | B35: Rosca de Bíceps com Autorresistência | C35: Self-Resisted Biceps Curl | D35: Um braço faz a rosca contra a resistência da outra mão, sem nenhum objeto | E35: 1 | F35: 7 | G35: Com um braço, puxe o pulso do outro braço para baixo enquanto esse braço tenta flexionar o cotovelo contra essa resistência; alternar os lados. Eficácia reduzida comparada a exercícios com carga real | I35: Com fonte | J35: Eficácia reduzida vs. exercícios com carga; isolar bíceps sem objeto é limitado. Única opção sem equipamento para bíceps | K35: =COUNTIF(exercicio_equipamento!$A$2:$A$400,A35)>0 -> FALSE | L35: =COUNTIF(exercicio_alternativo!$A$2:$A$400,A35) -> 3
A36: 35 | B36: Tríceps Pulley | C36: Triceps Pushdown | D36: Extensão de cotovelos em pé na polia alta, com barra ou corda | E36: 1 | F36: 8 | G36: Comece com a barra na altura do peito e os cotovelos junto ao corpo; estenda só os antebraços, sem mover os cotovelos | H36: https://www.youtube.com/watch?v=2X15sDkPQc0 | I36: Com fonte | K36: =COUNTIF(exercicio_equipamento!$A$2:$A$400,A36)>0 -> TRUE | L36: =COUNTIF(exercicio_alternativo!$A$2:$A$400,A36) -> 4
A37: 36 | B37: Tríceps Testa na Polia | C37: Cable Skull Crusher | D37: Deitado em um banco de frente para a polia, estende os cotovelos puxando a barra ou corda da polia | E37: 2 | F37: 8 | G37: Desça a barra flexionando os cotovelos; perto da cabeça, leve os cotovelos levemente para trás para a barra passar | H37: https://www.youtube.com/watch?v=OxsOGLqk8M0 | I37: Com fonte | K37: =COUNTIF(exercicio_equipamento!$A$2:$A$400,A37)>0 -> TRUE | L37: =COUNTIF(exercicio_alternativo!$A$2:$A$400,A37) -> 3
A38: 37 | B38: Tríceps Francês na Polia | C38: Cable Overhead Triceps Extension | D38: De costas para a polia baixa, estende os cotovelos acima da cabeça puxando a corda | E38: 1 | F38: 8 | G38: Mantenha os cotovelos apontados para a frente, funcionando como um pivô fixo | H38: https://www.youtube.com/watch?v=PlQOxSm_ZWI | I38: Com fonte | K38: =COUNTIF(exercicio_equipamento!$A$2:$A$400,A38)>0 -> TRUE | L38: =COUNTIF(exercicio_alternativo!$A$2:$A$400,A38) -> 4
A39: 38 | B39: Rosca de Punho com Halteres | C39: Dumbbell Wrist Curl | D39: Flexão de punho (palmas para cima) com antebraços apoiados em um banco, halteres pendendo das mãos | E39: 1 | F39: 9 | G39: Apoie os antebraços no banco com os punhos soltos na ponta; flexione só o punho, sem mover o cotovelo; desça lentamente até o alongamento máximo | I39: Com fonte | K39: =COUNTIF(exercicio_equipamento!$A$2:$A$400,A39)>0 -> TRUE | L39: =COUNTIF(exercicio_alternativo!$A$2:$A$400,A39) -> 3
A40: 39 | B40: Rosca de Punho com Barra | C40: Barbell Wrist Curl | D40: Flexão de punho com barra reta ou W nas duas mãos, antebraços apoiados | E40: 1 | F40: 9 | G40: Antebraços apoiados no banco ou nas coxas, palmas para cima; flexione só os punhos e desça devagar até o alongamento | I40: Com fonte | K40: =COUNTIF(exercicio_equipamento!$A$2:$A$400,A40)>0 -> TRUE | L40: =COUNTIF(exercicio_alternativo!$A$2:$A$400,A40) -> 3
A41: 40 | B41: Rosca de Punho Reversa com Halteres | C41: Reverse Wrist Curl | D41: Extensão de punho (palmas para baixo) com antebraços apoiados no banco | E41: 1 | F41: 9 | G41: Antebraços apoiados no banco com palmas para baixo; eleve os punhos contraindo os extensores do antebraço | I41: Com fonte | K41: =COUNTIF(exercicio_equipamento!$A$2:$A$400,A41)>0 -> TRUE | L41: =COUNTIF(exercicio_alternativo!$A$2:$A$400,A41) -> 3
A42: 41 | B42: Suspensão na Barra | C42: Dead Hang | D42: Pendurar-se em uma barra fixa com pegada pronada, sustentando o próprio peso pela força de preensão | E42: 1 | F42: 9 | G42: Pegada pronada, um pouco mais larga que os ombros; deixe o corpo relaxar, ombros e cotovelos totalmente estendidos; aperte a barra com força máxima | I42: Com fonte | K42: =COUNTIF(exercicio_equipamento!$A$2:$A$400,A42)>0 -> TRUE | L42: =COUNTIF(exercicio_alternativo!$A$2:$A$400,A42) -> 3
A43: 42 | B43: Caminhada do Fazendeiro | C43: Farmer's Walk | D43: Caminha segurando halteres pesados ao lado do corpo, apertando forte a pegada | E43: 1 | F43: 9 | G43: Caminhar segurando halteres ou kettlebells pesados ao lado do corpo, sem usar straps/gancho de apoio | I43: Com fonte | K43: =COUNTIF(exercicio_equipamento!$A$2:$A$400,A43)>0 -> TRUE | L43: =COUNTIF(exercicio_alternativo!$A$2:$A$400,A43) -> 3
A44: 43 | B44: Cadeira Extensora | C44: Leg Extension | D44: Extensão de joelhos sentado em máquina, isola o quadríceps | E44: 1 | F44: 11 | G44: Mantenha o tronco encostado e estenda os joelhos com controle até ficarem retos; desça devagar | H44: https://www.youtube.com/watch?v=pJZXbaF-MCM | I44: Com fonte | K44: =COUNTIF(exercicio_equipamento!$A$2:$A$400,A44)>0 -> TRUE | L44: =COUNTIF(exercicio_alternativo!$A$2:$A$400,A44) -> 4
A45: 44 | B45: Leg Press | C45: Leg Press | D45: Empurra a plataforma com as pernas, sentado/recostado na máquina | E45: 2 | F45: 10 | G45: Os joelhos devem seguir a linha das pontas dos pés; não deixe o joelho travar nem a lombar descolar do encosto | H45: https://www.youtube.com/watch?v=uAhwZitFh3g | I45: Com fonte | K45: =COUNTIF(exercicio_equipamento!$A$2:$A$400,A45)>0 -> TRUE | L45: =COUNTIF(exercicio_alternativo!$A$2:$A$400,A45) -> 4
A46: 45 | B46: Agachamento Livre com Barra | C46: Barbell Back Squat | D46: Agachamento com barra apoiada nos ombros, exige estabilização do corpo inteiro | E46: 3 | F46: 10 | G46: Desça até as coxas passarem da paralela ou até seu limite natural, mantendo o peso sobre o meio do pé e a coluna neutra | H46: https://www.youtube.com/watch?v=nrM8zB5-gtE | I46: Com fonte | K46: =COUNTIF(exercicio_equipamento!$A$2:$A$400,A46)>0 -> TRUE | L46: =COUNTIF(exercicio_alternativo!$A$2:$A$400,A46) -> 4
A47: 46 | B47: Agachamento com Peso do Corpo | C47: Bodyweight Squat | D47: Agachamento sem carga, com os pés na largura dos ombros | E47: 1 | F47: 10 | G47: Pés na largura dos ombros, quadril para trás antes de dobrar os joelhos, não trave os joelhos no topo | I47: Com fonte | K47: =COUNTIF(exercicio_equipamento!$A$2:$A$400,A47)>0 -> FALSE | L47: =COUNTIF(exercicio_alternativo!$A$2:$A$400,A47) -> 3
A48: 47 | B48: Afundo | C48: Forward Lunge | D48: Passo à frente descendo até a coxa ficar quase paralela ao chão, depois volta empurrando com a perna da frente | E48: 2 | F48: 10 | G48: Passo à frente, desça até a coxa da frente ficar quase paralela ao chão, empurre com a perna da frente para voltar | I48: Com fonte | K48: =COUNTIF(exercicio_equipamento!$A$2:$A$400,A48)>0 -> FALSE | L48: =COUNTIF(exercicio_alternativo!$A$2:$A$400,A48) -> 3
A49: 48 | B49: Agachamento Búlgaro | C49: Bulgarian Split Squat | D49: Agachamento unilateral com o pé de trás apoiado em um banco | E49: 3 | F49: 10 | G49: Apoie só a ponta do pé de trás no banco, mantenha o joelho da frente alinhado com o pé | I49: Com fonte | J49: O banco conta como equipamento | K49: =COUNTIF(exercicio_equipamento!$A$2:$A$400,A49)>0 -> TRUE | L49: =COUNTIF(exercicio_alternativo!$A$2:$A$400,A49) -> 3
A50: 49 | B50: Cadeira Flexora | C50: Seated Leg Curl | D50: Flexão de joelhos sentado em máquina, isola o posterior de coxa | E50: 1 | F50: 12 | G50: Alinhe os joelhos com o eixo da máquina e trave as coxas no apoio; flexione os joelhos e controle a volta | H50: https://www.youtube.com/watch?v=ra3Sf4-RFr8 | I50: Com fonte | K50: =COUNTIF(exercicio_equipamento!$A$2:$A$400,A50)>0 -> TRUE | L50: =COUNTIF(exercicio_alternativo!$A$2:$A$400,A50) -> 4
A51: 50 | B51: Stiff | C51: Stiff-Leg Deadlift | D51: Levantamento terra com as pernas quase estendidas, foco no posterior de coxa e glúteos | E51: 3 | F51: 13 | G51: Desça apenas até o ponto em que conseguir manter a coluna neutra e sentir o alongamento do posterior de coxa | H51: https://www.youtube.com/watch?v=F8q6ZIizAcY | I51: Com fonte | J51: Também pode ser feito com halteres | K51: =COUNTIF(exercicio_equipamento!$A$2:$A$400,A51)>0 -> TRUE | L51: =COUNTIF(exercicio_alternativo!$A$2:$A$400,A51) -> 4
A52: 51 | B52: Stiff Unilateral | C52: Single-Leg RDL | D52: Apoiado em uma perna, flexiona o quadril levando tronco e perna livre à horizontal, mantendo a lombar neutra | E52: 3 | F52: 13 | G52: Apoie-se em uma perna, flexione o quadril levando o tronco e a perna livre para a horizontal, mantenha a lombar neutra, suba contraindo glúteo e posterior de coxa | I52: Com fonte | K52: =COUNTIF(exercicio_equipamento!$A$2:$A$400,A52)>0 -> FALSE | L52: =COUNTIF(exercicio_alternativo!$A$2:$A$400,A52) -> 3
A53: 52 | B53: Levantamento Terra | C53: Deadlift | D53: Levanta a barra do chão estendendo quadril e joelhos simultaneamente, exercício completo de força | E53: 3 | F53: 13 | G53: Empurre o chão com os pés (como num leg press), em vez de tentar puxar a barra com as costas; mantenha a barra próxima ao corpo | H53: https://www.youtube.com/watch?v=QiqUXcz2iyA | I53: Com fonte | K53: =COUNTIF(exercicio_equipamento!$A$2:$A$400,A53)>0 -> TRUE | L53: =COUNTIF(exercicio_alternativo!$A$2:$A$400,A53) -> 4
A54: 53 | B54: Elevação Pélvica com Peso do Corpo | C54: Glute Bridge | D54: Deitado de costas, joelhos flexionados, sobe o quadril contraindo o glúteo, sem carga | E54: 1 | F54: 14 | G54: Deitado de costas, joelhos flexionados, pés no chão, suba o quadril contraindo o glúteo, sem carga | I54: Com fonte | K54: =COUNTIF(exercicio_equipamento!$A$2:$A$400,A54)>0 -> FALSE | L54: =COUNTIF(exercicio_alternativo!$A$2:$A$400,A54) -> 3
A55: 54 | B55: Elevação Pélvica com Barra | C55: Barbell Hip Thrust | D55: Ponte de glúteo com carga (barra) sobre o quadril, ombros apoiados em um banco | E55: 2 | F55: 14 | G55: Apoie as escápulas no banco, queixo recolhido, suba o quadril contraindo bem o glúteo no topo, sem hiperestender a lombar | I55: Com fonte | K55: =COUNTIF(exercicio_equipamento!$A$2:$A$400,A55)>0 -> TRUE | L55: =COUNTIF(exercicio_alternativo!$A$2:$A$400,A55) -> 3
A56: 55 | B56: Elevação de Panturrilha em Pé com Peso do Corpo | C56: Bodyweight Standing Calf Raise | D56: Em pé, sobe na ponta dos pés o mais alto possível e desce controlando | E56: 1 | F56: 15 | G56: Em pé, mãos apoiadas na parede, suba na ponta dos pés o mais alto possível mantendo os joelhos estendidos; pause e desça controlando | I56: Com fonte | K56: =COUNTIF(exercicio_equipamento!$A$2:$A$400,A56)>0 -> FALSE | L56: =COUNTIF(exercicio_alternativo!$A$2:$A$400,A56) -> 3
A57: 56 | B57: Elevação de Panturrilha Unilateral com Peso do Corpo | C57: Single-Leg Calf Raise | D57: Em pé sobre uma perna (apoio leve de uma mão para equilíbrio), sobe e desce na ponta do pé | E57: 2 | F57: 15 | G57: Em pé em uma perna, apoio de uma mão para equilíbrio, suba e desça na ponta do pé | I57: Com fonte | K57: =COUNTIF(exercicio_equipamento!$A$2:$A$400,A57)>0 -> FALSE | L57: =COUNTIF(exercicio_alternativo!$A$2:$A$400,A57) -> 3
A58: 57 | B58: Elevação de Panturrilha em Pé na Máquina | C58: Standing Machine Calf Raise | D58: Em pé na máquina, com os ombros sob as almofadas, sobe e desce na ponta dos pés | E58: 1 | F58: 15 | G58: Apoie a ponta dos pés na plataforma e os ombros nas almofadas; desça os calcanhares controlando e suba estendendo os tornozelos | I58: Com fonte | J58: Fonte corrigida: a ACE #294 usada antes é de outro exercício (sentado, pernas estendidas) | K58: =COUNTIF(exercicio_equipamento!$A$2:$A$400,A58)>0 -> TRUE | L58: =COUNTIF(exercicio_alternativo!$A$2:$A$400,A58) -> 4
A59: 58 | B59: Elevação de Panturrilha com Barra | C59: Barbell Calf Raise | D59: Barra apoiada nos trapézios como no agachamento; sobe na ponta dos pés controlando a carga | E59: 2 | F59: 15 | G59: Barra nos trapézios como no agachamento, suba na ponta dos pés controlando a carga | I59: Com fonte | K59: =COUNTIF(exercicio_equipamento!$A$2:$A$400,A59)>0 -> TRUE | L59: =COUNTIF(exercicio_alternativo!$A$2:$A$400,A59) -> 3
A60: 59 | B60: Prancha | C60: Front Plank | D60: Sustentação isométrica do corpo reto, apoiado nos antebraços e pontas dos pés | E60: 2 | F60: 17 | G60: Mantenha ombros alinhados sobre os cotovelos, quadril nem caído nem elevado; respire de forma constante durante a sustentação | I60: Com fonte | K60: =COUNTIF(exercicio_equipamento!$A$2:$A$400,A60)>0 -> FALSE | L60: =COUNTIF(exercicio_alternativo!$A$2:$A$400,A60) -> 4
A61: 60 | B61: Abdominal Supra | C61: Crunch | D61: Deitado de costas, curva o tronco em direção às coxas, levantando só a parte superior das costas do chão | E61: 1 | F61: 16 | G61: Mova devagar, evite usar os flexores do quadril para se impulsionar; mantenha pés, quadril e lombar no chão durante todo o movimento | I61: Com fonte | K61: =COUNTIF(exercicio_equipamento!$A$2:$A$400,A61)>0 -> FALSE | L61: =COUNTIF(exercicio_alternativo!$A$2:$A$400,A61) -> 4
A62: 61 | B62: Elevação de Pernas | C62: Lying Leg Raise | D62: Deitado de costas, eleva as pernas estendidas até perto da vertical e desce controlando, sem tocar o chão | E62: 2 | F62: 16 | G62: Ative o assoalho pélvico e o abdômen profundo antes de levantar; mantenha o tronco estável, evitando arquear a lombar | I62: Com fonte | K62: =COUNTIF(exercicio_equipamento!$A$2:$A$400,A62)>0 -> FALSE | L62: =COUNTIF(exercicio_alternativo!$A$2:$A$400,A62) -> 3
A63: 62 | B63: Escalador | C63: Mountain Climber | D63: Em posição de prancha alta, alterna os joelhos em direção ao peito rapidamente | E63: 3 | F63: 17 | G63: Mãos no chão em posição de prancha alta, alterne os joelhos em direção ao peito rapidamente, core contraído | I63: Com fonte | J63: ACE lista o core como estabilizador (não alvo primário); opção de condicionamento | K63: =COUNTIF(exercicio_equipamento!$A$2:$A$400,A63)>0 -> FALSE | L63: =COUNTIF(exercicio_alternativo!$A$2:$A$400,A63) -> 3
A64: 63 | B64: Abdominal na Polia Alta | C64: Cable Crunch | D64: Flexão do tronco contra a resistência da polia alta, ajoelhado ou em pé abaixo do cabo | E64: 2 | F64: 16 | G64: Mova a partir da cintura, não do quadril: leve os cotovelos em direção ao meio das coxas sem flexionar o quadril; mantenha joelhos e quadril parados | I64: Com fonte | K64: =COUNTIF(exercicio_equipamento!$A$2:$A$400,A64)>0 -> TRUE | L64: =COUNTIF(exercicio_alternativo!$A$2:$A$400,A64) -> 4
A65: 64 | B65: Abdominal na Máquina | C65: Ab Crunch Machine | D65: Sentado na máquina, flexiona o tronco puxando os cotovelos para baixo | E65: 2 | F65: 16 | G65: Sente-se, prenda os pés, apoie os ombros e puxe os cotovelos para baixo levando as costelas em direção ao umbigo | I65: Com fonte | K65: =COUNTIF(exercicio_equipamento!$A$2:$A$400,A65)>0 -> TRUE | L65: =COUNTIF(exercicio_alternativo!$A$2:$A$400,A65) -> 3
A66: 65 | B66: Rolamento com Roda Abdominal | C66: Ab Wheel Rollout | D66: Ajoelhado, rola a roda para frente e volta controlando o tronco, sem deixar a lombar arquear | E66: 3 | F66: 17 | G66: Mantenha a coluna neutra, cabeça alinhada com a coluna, braços sempre estendidos; evite arquear a lombar | I66: Com fonte | K66: =COUNTIF(exercicio_equipamento!$A$2:$A$400,A66)>0 -> TRUE | L66: =COUNTIF(exercicio_alternativo!$A$2:$A$400,A66) -> 3
A67: 66 | B67: Elevação de Pernas na Cadeira Capitão | C67: Captain's Chair Leg Raise | D67: Apoiado nos antebraços e costas, eleva as pernas estendidas até a altura do quadril | E67: 3 | F67: 16 | G67: Apoie antebraços nos apoios e costas no encosto, deixe as pernas penduradas, eleve-as estendidas até a altura do quadril | I67: Com fonte | K67: =COUNTIF(exercicio_equipamento!$A$2:$A$400,A67)>0 -> TRUE | L67: =COUNTIF(exercicio_alternativo!$A$2:$A$400,A67) -> 3
A68: 67 | B68: Supino Reto com Halteres | C68: Dumbbell Bench Press | D68: Supino deitado em banco reto com halteres; permite maior amplitude que a barra | E68: 2 | F68: 1 | G68: Desça os halteres controlando até a lateral do peito e empurre até estender os braços | I68: Com fonte | K68: =COUNTIF(exercicio_equipamento!$A$2:$A$400,A68)>0 -> TRUE | L68: =COUNTIF(exercicio_alternativo!$A$2:$A$400,A68) -> 4
A69: 68 | B69: Supino Inclinado com Barra | C69: Barbell Incline Bench Press | D69: Supino em banco inclinado com barra; enfatiza a parte superior do peitoral | E69: 2 | F69: 1 | G69: Retire a barra do suporte com os braços estendidos acima dos ombros; desça controlando até a parte superior do peito e empurre de volta | I69: Com fonte | K69: =COUNTIF(exercicio_equipamento!$A$2:$A$400,A69)>0 -> TRUE | L69: =COUNTIF(exercicio_alternativo!$A$2:$A$400,A69) -> 3
A70: 69 | B70: Supino na Máquina | C70: Machine Chest Press | D70: Sentado, empurra as manoplas da máquina à frente do peito | E70: 1 | F70: 1 | G70: Ajuste o banco para as manoplas ficarem na altura do meio do peito; empurre até estender os braços e volte controlando | I70: Com fonte | K70: =COUNTIF(exercicio_equipamento!$A$2:$A$400,A70)>0 -> TRUE | L70: =COUNTIF(exercicio_alternativo!$A$2:$A$400,A70) -> 3
A71: 70 | B71: Supino Inclinado na Máquina | C71: Incline Chest Press Machine | D71: Supino inclinado em máquina com trajetória guiada; enfatiza a parte superior do peitoral | E71: 1 | F71: 1 | G71: Não abra demais a pegada (reduz a amplitude); empurre as manoplas até estender os braços e volte controlando | I71: Com fonte | K71: =COUNTIF(exercicio_equipamento!$A$2:$A$400,A71)>0 -> TRUE | L71: =COUNTIF(exercicio_alternativo!$A$2:$A$400,A71) -> 3
A72: 71 | B72: Crucifixo Reto com Halteres | C72: Dumbbell Chest Fly | D72: Deitado em banco reto, abre e fecha os braços com halteres em movimento de abraço | E72: 2 | F72: 3 | G72: Mantenha os cotovelos levemente flexionados e na mesma posição o tempo todo; o movimento acontece no ombro, não no cotovelo | I72: Com fonte | K72: =COUNTIF(exercicio_equipamento!$A$2:$A$400,A72)>0 -> TRUE | L72: =COUNTIF(exercicio_alternativo!$A$2:$A$400,A72) -> 3
A73: 72 | B73: Crossover na Polia | C73: Cable Crossover | D73: Em pé entre as polias, cruza os cabos à frente do corpo em movimento de abraço | E73: 2 | F73: 3 | G73: Cotovelos levemente flexionados e fixos; o movimento acontece no ombro. A altura das polias muda a ênfase no peitoral | I73: Com fonte | K73: =COUNTIF(exercicio_equipamento!$A$2:$A$400,A73)>0 -> TRUE | L73: =COUNTIF(exercicio_alternativo!$A$2:$A$400,A73) -> 3
A74: 73 | B74: Elevação Lateral com Halteres | C74: Dumbbell Lateral Raise | D74: Em pé, eleva os halteres lateralmente até a altura dos ombros, isolando o deltoide lateral | E74: 1 | F74: 3 | G74: Cotovelos levemente flexionados subindo junto com os braços, um pouco à frente dos halteres; pare quando os braços ficarem paralelos ao chão | I74: Com fonte | K74: =COUNTIF(exercicio_equipamento!$A$2:$A$400,A74)>0 -> TRUE | L74: =COUNTIF(exercicio_alternativo!$A$2:$A$400,A74) -> 3
A75: 74 | B75: Desenvolvimento na Máquina | C75: Machine Shoulder Press | D75: Sentado, empurra as manoplas da máquina para cima, acima da cabeça | E75: 1 | F75: 2 | G75: Empurre as manoplas até estender os braços e desça controlando até a altura dos ombros | I75: Com fonte | K75: =COUNTIF(exercicio_equipamento!$A$2:$A$400,A75)>0 -> TRUE | L75: =COUNTIF(exercicio_alternativo!$A$2:$A$400,A75) -> 3
... A79: 78 | B79: Rosca Martelo | C79: Dumbbell Hammer Curl | D79: Rosca com pegada neutra (palmas voltadas uma para a outra) | E79: 1 | F79: 7 | G79: Mantenha a pegada neutra e os cotovelos junto ao corpo; não deixe os braços irem para trás durante a subida | I79: Com fonte | K79: =COUNTIF(exercicio_equipamento!$A$2:$A$400,A79)>0 -> TRUE | L79: =COUNTIF(exercicio_alternativo!$A$2:$A$400,A79) -> 3
A80: 79 | B80: Rosca por Trás do Corpo na Polia | C80: Behind-the-Back Cable Curl (Bayesian Curl) | D80: De costas para a polia baixa, com o braço estendido atrás do corpo, faz a rosca com um braço por vez | E80: 2 | F80: 7 | G80: Mantenha o braço parado atrás do corpo durante todo o movimento; flexione só o cotovelo | I80: Com fonte | J80: Estudo de 10 semanas: ganhos semelhantes aos da rosca Scott - alternativa equivalente, não superior | K80: =COUNTIF(exercicio_equipamento!$A$2:$A$400,A80)>0 -> TRUE | L80: =COUNTIF(exercicio_alternativo!$A$2:$A$400,A80) -> 3
A81: 80 | B81: Tríceps Testa com Barra W | C81: EZ-Bar Skull Crusher | D81: Deitado no banco, flexiona os cotovelos levando a barra W em direção à testa e estende de volta | E81: 2 | F81: 8 | G81: Mantenha os braços apontados para cima e mova só os cotovelos; levar a barra um pouco atrás da cabeça aumenta a amplitude | I81: Com fonte | K81: =COUNTIF(exercicio_equipamento!$A$2:$A$400,A81)>0 -> TRUE | L81: =COUNTIF(exercicio_alternativo!$A$2:$A$400,A81) -> 3
A82: 81 | B82: Agachamento no Smith | C82: Smith Machine Squat | D82: Agachamento com a barra guiada pela máquina Smith | E82: 1 | F82: 10 | G82: Posicione os pés logo abaixo da barra e agache o mais fundo que conseguir mantendo boa técnica | I82: Com fonte | K82: =COUNTIF(exercicio_equipamento!$A$2:$A$400,A82)>0 -> TRUE | L82: =COUNTIF(exercicio_alternativo!$A$2:$A$400,A82) -> 4
A83: 82 | B83: Agachamento Hack | C83: Hack Squat | D83: Agachamento na máquina hack, com as costas apoiadas e os ombros sob as almofadas | E83: 2 | F83: 10 | G83: Ajuste a altura para os ombros encaixarem nas almofadas; desça controlando com os joelhos alinhados aos pés | I83: Com fonte | K83: =COUNTIF(exercicio_equipamento!$A$2:$A$400,A83)>0 -> TRUE | L83: =COUNTIF(exercicio_alternativo!$A$2:$A$400,A83) -> 3
A84: 83 | B84: Mesa Flexora | C84: Lying Leg Curl | D84: Deitado de bruços na máquina, flexiona os joelhos puxando o rolo em direção aos glúteos | E84: 1 | F84: 12 | G84: Alinhe os joelhos com o eixo da máquina; flexione o máximo possível e desça devagar, sem tirar o quadril do apoio | I84: Com fonte | K84: =COUNTIF(exercicio_equipamento!$A$2:$A$400,A84)>0 -> TRUE | L84: =COUNTIF(exercicio_alternativo!$A$2:$A$400,A84) -> 3
A85: 84 | B85: Elevação de Panturrilha Sentado | C85: Seated Calf Raise | D85: Sentado com os joelhos flexionados sob o apoio, sobe e desce os calcanhares; enfatiza o sóleo | E85: 1 | F85: 15 | G85: Ajuste o apoio sobre os joelhos; desça os calcanhares controlando até alongar e suba o máximo possível | I85: Com fonte | K85: =COUNTIF(exercicio_equipamento!$A$2:$A$400,A85)>0 -> TRUE | L85: =COUNTIF(exercicio_alternativo!$A$2:$A$400,A85) -> 3
A86: 85 | B86: Cadeira Adutora | C86: Hip Adduction Machine | D86: Sentado, fecha as pernas contra a resistência das almofadas | E86: 1 | F86: 20 | G86: Comece com as pernas abertas até sentir um leve alongamento e feche as pernas de forma controlada | I86: Com fonte | K86: =COUNTIF(exercicio_equipamento!$A$2:$A$400,A86)>0 -> TRUE | L86: =COUNTIF(exercicio_alternativo!$A$2:$A$400,A86) -> 2
A87: 86 | B87: Cadeira Abdutora | C87: Hip Abduction Machine | D87: Sentado, abre as pernas contra a resistência das almofadas; trabalha o glúteo médio e mínimo | E87: 1 | F87: 20 | G87: Abra as pernas o máximo possível e volte controlando, sem deixar o peso bater | I87: Com fonte | K87: =COUNTIF(exercicio_equipamento!$A$2:$A$400,A87)>0 -> TRUE | L87: =COUNTIF(exercicio_alternativo!$A$2:$A$400,A87) -> 3
A88: 87 | B88: Abdução de Quadril Deitado de Lado | C88: Side-Lying Hip Abduction | D88: Deitado de lado, eleva a perna de cima estendida; trabalha o glúteo médio | E88: 1 | F88: 20 | G88: Perna de baixo dobrada e a de cima reta; mantenha o quadril de cima alinhado sobre o de baixo durante todo o movimento | I88: Com fonte | J88: EMG: maior ativação do glúteo médio entre 12 exercícios (Distefano 2009) | K88: =COUNTIF(exercicio_equipamento!$A$2:$A$400,A88)>0 -> FALSE | L88: =COUNTIF(exercicio_alternativo!$A$2:$A$400,A88) -> 2
A89: 88 | B89: Adução de Quadril Deitado de Lado | C89: Side-Lying Hip Adduction | D89: Deitado de lado, eleva a perna de baixo estendida em direção ao teto | E89: 1 | F89: 20 | G89: Perna de baixo reta e joelho da perna de cima dobrado por cima dela; eleve a perna de baixo e desça devagar | I89: Com fonte | J89: EMG: maior ativação do adutor longo entre 6 exercícios (Delmore 2014) | K89: =COUNTIF(exercicio_equipamento!$A$2:$A$400,A89)>0 -> FALSE | L89: =COUNTIF(exercicio_alternativo!$A$2:$A$400,A89) -> 2
A90: 89 | B90: Afundo Lateral | C90: Lateral Lunge | D90: Passo largo para o lado, flexionando o joelho da perna que avança e mantendo a outra estendida | E90: 2 | F90: 10 | G90: Dê um passo grande para o lado e desça o máximo que conseguir sem tirar o calcanhar do chão, com controle | I90: Com fonte | K90: =COUNTIF(exercicio_equipamento!$A$2:$A$400,A90)>0 -> FALSE | L90: =COUNTIF(exercicio_alternativo!$A$2:$A$400,A90) -> 4

Sheet exercicio_alternativo
A1: exercicio_id | B1: alternativo_id | C1: ordem | D1: observacao | E1: _aux_exercicio | F1: _aux_alternativo | G1: _calc_alternativa_sem_equipamento
A2: 1 | B2: 4 | C2: 1 | E2: =IFERROR(INDEX(exercicio!$B$2:$B$190,MATCH(A2,exercicio!$A$2:$A$190,0)),"") -> Supino Reto com Barra | F2: =IFERROR(INDEX(exercicio!$B$2:$B$190,MATCH(B2,exercicio!$A$2:$A$190,0)),"") -> Flexão de Braço | G2: =COUNTIF(exercicio_equipamento!$A$2:$A$400,B2)=0 -> TRUE
A3: 1 | B3: 67 | C3: 2 | E3: =IFERROR(INDEX(exercicio!$B$2:$B$190,MATCH(A3,exercicio!$A$2:$A$190,0)),"") -> Supino Reto com Barra | F3: =IFERROR(INDEX(exercicio!$B$2:$B$190,MATCH(B3,exercicio!$A$2:$A$190,0)),"") -> Supino Reto com Halteres | G3: =COUNTIF(exercicio_equipamento!$A$2:$A$400,B3)=0 -> FALSE
A4: 1 | B4: 69 | C4: 3 | E4: =IFERROR(INDEX(exercicio!$B$2:$B$190,MATCH(A4,exercicio!$A$2:$A$190,0)),"") -> Supino Reto com Barra | F4: =IFERROR(INDEX(exercicio!$B$2:$B$190,MATCH(B4,exercicio!$A$2:$A$190,0)),"") -> Supino na Máquina | G4: =COUNTIF(exercicio_equipamento!$A$2:$A$400,B4)=0 -> FALSE
A5: 1 | B5: 2 | C5: 4 | E5: =IFERROR(INDEX(exercicio!$B$2:$B$190,MATCH(A5,exercicio!$A$2:$A$190,0)),"") -> Supino Reto com Barra | F5: =IFERROR(INDEX(exercicio!$B$2:$B$190,MATCH(B5,exercicio!$A$2:$A$190,0)),"") -> Supino Inclinado com Halteres | G5: =COUNTIF(exercicio_equipamento!$A$2:$A$400,B5)=0 -> FALSE
A6: 2 | B6: 6 | C6: 1 | E6: =IFERROR(INDEX(exercicio!$B$2:$B$190,MATCH(A6,exercicio!$A$2:$A$190,0)),"") -> Supino Inclinado com Halteres | F6: =IFERROR(INDEX(exercicio!$B$2:$B$190,MATCH(B6,exercicio!$A$2:$A$190,0)),"") -> Flexão com Pés Elevados | G6: =COUNTIF(exercicio_equipamento!$A$2:$A$400,B6)=0 -> TRUE
A7: 2 | B7: 68 | C7: 2 | E7: =IFERROR(INDEX(exercicio!$B$2:$B$190,MATCH(A7,exercicio!$A$2:$A$190,0)),"") -> Supino Inclinado com Halteres | F7: =IFERROR(INDEX(exercicio!$B$2:$B$190,MATCH(B7,exercicio!$A$2:$A$190,0)),"") -> Supino Inclinado com Barra | G7: =COUNTIF(exercicio_equipamento!$A$2:$A$400,B7)=0 -> FALSE
A8: 2 | B8: 70 | C8: 3 | E8: =IFERROR(INDEX(exercicio!$B$2:$B$190,MATCH(A8,exercicio!$A$2:$A$190,0)),"") -> Supino Inclinado com Halteres | F8: =IFERROR(INDEX(exercicio!$B$2:$B$190,MATCH(B8,exercicio!$A$2:$A$190,0)),"") -> Supino Inclinado na Máquina | G8: =COUNTIF(exercicio_equipamento!$A$2:$A$400,B8)=0 -> FALSE
A9: 2 | B9: 67 | C9: 4 | E9: =IFERROR(INDEX(exercicio!$B$2:$B$190,MATCH(A9,exercicio!$A$2:$A$190,0)),"") -> Supino Inclinado com Halteres | F9: =IFERROR(INDEX(exercicio!$B$2:$B$190,MATCH(B9,exercicio!$A$2:$A$190,0)),"") -> Supino Reto com Halteres | G9: =COUNTIF(exercicio_equipamento!$A$2:$A$400,B9)=0 -> FALSE
A10: 3 | B10: 5 | C10: 1 | E10: =IFERROR(INDEX(exercicio!$B$2:$B$190,MATCH(A10,exercicio!$A$2:$A$190,0)),"") -> Voador Peitoral | F10: =IFERROR(INDEX(exercicio!$B$2:$B$190,MATCH(B10,exercicio!$A$2:$A$190,0)),"") -> Flexão com Apoio Afastado | G10: =COUNTIF(exercicio_equipamento!$A$2:$A$400,B10)=0 -> TRUE
A11: 3 | B11: 72 | C11: 2 | E11: =IFERROR(INDEX(exercicio!$B$2:$B$190,MATCH(A11,exercicio!$A$2:$A$190,0)),"") -> Voador Peitoral | F11: =IFERROR(INDEX(exercicio!$B$2:$B$190,MATCH(B11,exercicio!$A$2:$A$190,0)),"") -> Crossover na Polia | G11: =COUNTIF(exercicio_equipamento!$A$2:$A$400,B11)=0 -> FALSE
A12: 3 | B12: 71 | C12: 3 | E12: =IFERROR(INDEX(exercicio!$B$2:$B$190,MATCH(A12,exercicio!$A$2:$A$190,0)),"") -> Voador Peitoral | F12: =IFERROR(INDEX(exercicio!$B$2:$B$190,MATCH(B12,exercicio!$A$2:$A$190,0)),"") -> Crucifixo Reto com Halteres | G12: =COUNTIF(exercicio_equipamento!$A$2:$A$400,B12)=0 -> FALSE
A13: 4 | B13: 5 | C13: 1 | E13: =IFERROR(INDEX(exercicio!$B$2:$B$190,MATCH(A13,exercicio!$A$2:$A$190,0)),"") -> Flexão de Braço | F13: =IFERROR(INDEX(exercicio!$B$2:$B$190,MATCH(B13,exercicio!$A$2:$A$190,0)),"") -> Flexão com Apoio Afastado | G13: =COUNTIF(exercicio_equipamento!$A$2:$A$400,B13)=0 -> TRUE
... A41: 11 | B41: 2 | C41: 3 | E41: =IFERROR(INDEX(exercicio!$B$2:$B$190,MATCH(A41,exercicio!$A$2:$A$190,0)),"") -> Desenvolvimento com Halteres | F41: =IFERROR(INDEX(exercicio!$B$2:$B$190,MATCH(B41,exercicio!$A$2:$A$190,0)),"") -> Supino Inclinado com Halteres | G41: =COUNTIF(exercicio_equipamento!$A$2:$A$400,B41)=0 -> FALSE
A42: 12 | B42: 15 | C42: 1 | D42: Aproximação: a elevação em T trabalha mais a porção posterior do deltoide | E42: =IFERROR(INDEX(exercicio!$B$2:$B$190,MATCH(A42,exercicio!$A$2:$A$190,0)),"") -> Elevação Lateral no Cabo | F42: =IFERROR(INDEX(exercicio!$B$2:$B$190,MATCH(B42,exercicio!$A$2:$A$190,0)),"") -> Elevação Prona em T | G42: =COUNTIF(exercicio_equipamento!$A$2:$A$400,B42)=0 -> TRUE
A43: 12 | B43: 73 | C43: 2 | E43: =IFERROR(INDEX(exercicio!$B$2:$B$190,MATCH(A43,exercicio!$A$2:$A$190,0)),"") -> Elevação Lateral no Cabo | F43: =IFERROR(INDEX(exercicio!$B$2:$B$190,MATCH(B43,exercicio!$A$2:$A$190,0)),"") -> Elevação Lateral com Halteres | G43: =COUNTIF(exercicio_equipamento!$A$2:$A$400,B43)=0 -> FALSE
A44: 12 | B44: 13 | C44: 3 | E44: =IFERROR(INDEX(exercicio!$B$2:$B$190,MATCH(A44,exercicio!$A$2:$A$190,0)),"") -> Elevação Lateral no Cabo | F44: =IFERROR(INDEX(exercicio!$B$2:$B$190,MATCH(B44,exercicio!$A$2:$A$190,0)),"") -> Elevação Lateral na Máquina | G44: =COUNTIF(exercicio_equipamento!$A$2:$A$400,B44)=0 -> FALSE
A45: 13 | B45: 15 | C45: 1 | D45: Aproximação: a elevação em T trabalha mais a porção posterior do deltoide | E45: =IFERROR(INDEX(exercicio!$B$2:$B$190,MATCH(A45,exercicio!$A$2:$A$190,0)),"") -> Elevação Lateral na Máquina | F45: =IFERROR(INDEX(exercicio!$B$2:$B$190,MATCH(B45,exercicio!$A$2:$A$190,0)),"") -> Elevação Prona em T | G45: =COUNTIF(exercicio_equipamento!$A$2:$A$400,B45)=0 -> TRUE
A46: 13 | B46: 73 | C46: 2 | E46: =IFERROR(INDEX(exercicio!$B$2:$B$190,MATCH(A46,exercicio!$A$2:$A$190,0)),"") -> Elevação Lateral na Máquina | F46: =IFERROR(INDEX(exercicio!$B$2:$B$190,MATCH(B46,exercicio!$A$2:$A$190,0)),"") -> Elevação Lateral com Halteres | G46: =COUNTIF(exercicio_equipamento!$A$2:$A$400,B46)=0 -> FALSE
A47: 13 | B47: 12 | C47: 3 | E47: =IFERROR(INDEX(exercicio!$B$2:$B$190,MATCH(A47,exercicio!$A$2:$A$190,0)),"") -> Elevação Lateral na Máquina | F47: =IFERROR(INDEX(exercicio!$B$2:$B$190,MATCH(B47,exercicio!$A$2:$A$190,0)),"") -> Elevação Lateral no Cabo | G47: =COUNTIF(exercicio_equipamento!$A$2:$A$400,B47)=0 -> FALSE
A48: 14 | B48: 16 | C48: 1 | E48: =IFERROR(INDEX(exercicio!$B$2:$B$190,MATCH(A48,exercicio!$A$2:$A$190,0)),"") -> Crucifixo Invertido na Polia | F48: =IFERROR(INDEX(exercicio!$B$2:$B$190,MATCH(B48,exercicio!$A$2:$A$190,0)),"") -> Anjo da Neve Invertido | G48: =COUNTIF(exercicio_equipamento!$A$2:$A$400,B48)=0 -> TRUE
A49: 14 | B49: 15 | C49: 2 | E49: =IFERROR(INDEX(exercicio!$B$2:$B$190,MATCH(A49,exercicio!$A$2:$A$190,0)),"") -> Crucifixo Invertido na Polia | F49: =IFERROR(INDEX(exercicio!$B$2:$B$190,MATCH(B49,exercicio!$A$2:$A$190,0)),"") -> Elevação Prona em T | G49: =COUNTIF(exercicio_equipamento!$A$2:$A$400,B49)=0 -> TRUE
A50: 14 | B50: 19 | C50: 3 | E50: =IFERROR(INDEX(exercicio!$B$2:$B$190,MATCH(A50,exercicio!$A$2:$A$190,0)),"") -> Crucifixo Invertido na Polia | F50: =IFERROR(INDEX(exercicio!$B$2:$B$190,MATCH(B50,exercicio!$A$2:$A$190,0)),"") -> Remada Unilateral Articulada | G50: =COUNTIF(exercicio_equipamento!$A$2:$A$400,B50)=0 -> FALSE
A51: 15 | B51: 16 | C51: 1 | E51: =IFERROR(INDEX(exercicio!$B$2:$B$190,MATCH(A51,exercicio!$A$2:$A$190,0)),"") -> Elevação Prona em T | F51: =IFERROR(INDEX(exercicio!$B$2:$B$190,MATCH(B51,exercicio!$A$2:$A$190,0)),"") -> Anjo da Neve Invertido | G51: =COUNTIF(exercicio_equipamento!$A$2:$A$400,B51)=0 -> TRUE
A52: 15 | B52: 25 | C52: 2 | E52: =IFERROR(INDEX(exercicio!$B$2:$B$190,MATCH(A52,exercicio!$A$2:$A$190,0)),"") -> Elevação Prona em T | F52: =IFERROR(INDEX(exercicio!$B$2:$B$190,MATCH(B52,exercicio!$A$2:$A$190,0)),"") -> Elevação Prona em Y | G52: =COUNTIF(exercicio_equipamento!$A$2:$A$400,B52)=0 -> TRUE
A53: 15 | B53: 14 | C53: 3 | E53: =IFERROR(INDEX(exercicio!$B$2:$B$190,MATCH(A53,exercicio!$A$2:$A$190,0)),"") -> Elevação Prona em T | F53: =IFERROR(INDEX(exercicio!$B$2:$B$190,MATCH(B53,exercicio!$A$2:$A$190,0)),"") -> Crucifixo Invertido na Polia | G53: =COUNTIF(exercicio_equipamento!$A$2:$A$400,B53)=0 -> FALSE
A54: 16 | B54: 15 | C54: 1 | E54: =IFERROR(INDEX(exercicio!$B$2:$B$190,MATCH(A54,exercicio!$A$2:$A$190,0)),"") -> Anjo da Neve Invertido | F54: =IFERROR(INDEX(exercicio!$B$2:$B$190,MATCH(B54,exercicio!$A$2:$A$190,0)),"") -> Elevação Prona em T | G54: =COUNTIF(exercicio_equipamento!$A$2:$A$400,B54)=0 -> TRUE
A55: 16 | B55: 29 | C55: 2 | E55: =IFERROR(INDEX(exercicio!$B$2:$B$190,MATCH(A55,exercicio!$A$2:$A$190,0)),"") -> Anjo da Neve Invertido | F55: =IFERROR(INDEX(exercicio!$B$2:$B$190,MATCH(B55,exercicio!$A$2:$A$190,0)),"") -> Superman | G55: =COUNTIF(exercicio_equipamento!$A$2:$A$400,B55)=0 -> TRUE
A56: 16 | B56: 14 | C56: 3 | E56: =IFERROR(INDEX(exercicio!$B$2:$B$190,MATCH(A56,exercicio!$A$2:$A$190,0)),"") -> Anjo da Neve Invertido | F56: =IFERROR(INDEX(exercicio!$B$2:$B$190,MATCH(B56,exercicio!$A$2:$A$190,0)),"") -> Crucifixo Invertido na Polia | G56: =COUNTIF(exercicio_equipamento!$A$2:$A$400,B56)=0 -> FALSE
A57: 17 | B57: 22 | C57: 1 | E57: =IFERROR(INDEX(exercicio!$B$2:$B$190,MATCH(A57,exercicio!$A$2:$A$190,0)),"") -> Puxada Alta | F57: =IFERROR(INDEX(exercicio!$B$2:$B$190,MATCH(B57,exercicio!$A$2:$A$190,0)),"") -> Barra Fixa | G57: =COUNTIF(exercicio_equipamento!$A$2:$A$400,B57)=0 -> FALSE
... A59: 17 | B59: 20 | C59: 3 | E59: =IFERROR(INDEX(exercicio!$B$2:$B$190,MATCH(A59,exercicio!$A$2:$A$190,0)),"") -> Puxada Alta | F59: =IFERROR(INDEX(exercicio!$B$2:$B$190,MATCH(B59,exercicio!$A$2:$A$190,0)),"") -> Puxada Unilateral na Polia | G59: =COUNTIF(exercicio_equipamento!$A$2:$A$400,B59)=0 -> FALSE
A60: 17 | B60: 25 | C60: 4 | D60: Aproximação: sem objeto não há puxada vertical equivalente; trabalha escápulas/costas altas | E60: =IFERROR(INDEX(exercicio!$B$2:$B$190,MATCH(A60,exercicio!$A$2:$A$190,0)),"") -> Puxada Alta | F60: =IFERROR(INDEX(exercicio!$B$2:$B$190,MATCH(B60,exercicio!$A$2:$A$190,0)),"") -> Elevação Prona em Y | G60: =COUNTIF(exercicio_equipamento!$A$2:$A$400,B60)=0 -> TRUE
A61: 18 | B61: 19 | C61: 1 | E61: =IFERROR(INDEX(exercicio!$B$2:$B$190,MATCH(A61,exercicio!$A$2:$A$190,0)),"") -> Remada Baixa | F61: =IFERROR(INDEX(exercicio!$B$2:$B$190,MATCH(B61,exercicio!$A$2:$A$190,0)),"") -> Remada Unilateral Articulada | G61: =COUNTIF(exercicio_equipamento!$A$2:$A$400,B61)=0 -> FALSE
A62: 18 | B62: 77 | C62: 2 | E62: =IFERROR(INDEX(exercicio!$B$2:$B$190,MATCH(A62,exercicio!$A$2:$A$190,0)),"") -> Remada Baixa | F62: =IFERROR(INDEX(exercicio!$B$2:$B$190,MATCH(B62,exercicio!$A$2:$A$190,0)),"") -> Remada Cavalinho | G62: =COUNTIF(exercicio_equipamento!$A$2:$A$400,B62)=0 -> FALSE
A63: 18 | B63: 21 | C63: 3 | E63: =IFERROR(INDEX(exercicio!$B$2:$B$190,MATCH(A63,exercicio!$A$2:$A$190,0)),"") -> Remada Baixa | F63: =IFERROR(INDEX(exercicio!$B$2:$B$190,MATCH(B63,exercicio!$A$2:$A$190,0)),"") -> Remada Invertida | G63: =COUNTIF(exercicio_equipamento!$A$2:$A$400,B63)=0 -> FALSE
A64: 18 | B64: 15 | C64: 4 | D64: Aproximação: sem objeto não há remada equivalente; trabalha retração escapular | E64: =IFERROR(INDEX(exercicio!$B$2:$B$190,MATCH(A64,exercicio!$A$2:$A$190,0)),"") -> Remada Baixa | F64: =IFERROR(INDEX(exercicio!$B$2:$B$190,MATCH(B64,exercicio!$A$2:$A$190,0)),"") -> Elevação Prona em T | G64: =COUNTIF(exercicio_equipamento!$A$2:$A$400,B64)=0 -> TRUE
A65: 19 | B65: 18 | C65: 1 | E65: =IFERROR(INDEX(exercicio!$B$2:$B$190,MATCH(A65,exercicio!$A$2:$A$190,0)),"") -> Remada Unilateral Articulada | F65: =IFERROR(INDEX(exercicio!$B$2:$B$190,MATCH(B65,exercicio!$A$2:$A$190,0)),"") -> Remada Baixa | G65: =COUNTIF(exercicio_equipamento!$A$2:$A$400,B65)=0 -> FALSE
A66: 19 | B66: 77 | C66: 2 | E66: =IFERROR(INDEX(exercicio!$B$2:$B$190,MATCH(A66,exercicio!$A$2:$A$190,0)),"") -> Remada Unilateral Articulada | F66: =IFERROR(INDEX(exercicio!$B$2:$B$190,MATCH(B66,exercicio!$A$2:$A$190,0)),"") -> Remada Cavalinho | G66: =COUNTIF(exercicio_equipamento!$A$2:$A$400,B66)=0 -> FALSE
A67: 19 | B67: 21 | C67: 3 | E67: =IFERROR(INDEX(exercicio!$B$2:$B$190,MATCH(A67,exercicio!$A$2:$A$190,0)),"") -> Remada Unilateral Articulada | F67: =IFERROR(INDEX(exercicio!$B$2:$B$190,MATCH(B67,exercicio!$A$2:$A$190,0)),"") -> Remada Invertida | G67: =COUNTIF(exercicio_equipamento!$A$2:$A$400,B67)=0 -> FALSE
A68: 19 | B68: 15 | C68: 4 | D68: Aproximação: sem objeto não há remada equivalente | E68: =IFERROR(INDEX(exercicio!$B$2:$B$190,MATCH(A68,exercicio!$A$2:$A$190,0)),"") -> Remada Unilateral Articulada | F68: =IFERROR(INDEX(exercicio!$B$2:$B$190,MATCH(B68,exercicio!$A$2:$A$190,0)),"") -> Elevação Prona em T | G68: =COUNTIF(exercicio_equipamento!$A$2:$A$400,B68)=0 -> TRUE
A69: 20 | B69: 17 | C69: 1 | E69: =IFERROR(INDEX(exercicio!$B$2:$B$190,MATCH(A69,exercicio!$A$2:$A$190,0)),"") -> Puxada Unilateral na Polia | F69: =IFERROR(INDEX(exercicio!$B$2:$B$190,MATCH(B69,exercicio!$A$2:$A$190,0)),"") -> Puxada Alta | G69: =COUNTIF(exercicio_equipamento!$A$2:$A$400,B69)=0 -> FALSE
A70: 20 | B70: 22 | C70: 2 | E70: =IFERROR(INDEX(exercicio!$B$2:$B$190,MATCH(A70,exercicio!$A$2:$A$190,0)),"") -> Puxada Unilateral na Polia | F70: =IFERROR(INDEX(exercicio!$B$2:$B$190,MATCH(B70,exercicio!$A$2:$A$190,0)),"") -> Barra Fixa | G70: =COUNTIF(exercicio_equipamento!$A$2:$A$400,B70)=0 -> FALSE
A71: 20 | B71: 25 | C71: 3 | D71: Aproximação: sem objeto não há puxada vertical equivalente | E71: =IFERROR(INDEX(exercicio!$B$2:$B$190,MATCH(A71,exercicio!$A$2:$A$190,0)),"") -> Puxada Unilateral na Polia | F71: =IFERROR(INDEX(exercicio!$B$2:$B$190,MATCH(B71,exercicio!$A$2:$A$190,0)),"") -> Elevação Prona em Y | G71: =COUNTIF(exercicio_equipamento!$A$2:$A$400,B71)=0 -> TRUE
A72: 21 | B72: 22 | C72: 1 | E72: =IFERROR(INDEX(exercicio!$B$2:$B$190,MATCH(A72,exercicio!$A$2:$A$190,0)),"") -> Remada Invertida | F72: =IFERROR(INDEX(exercicio!$B$2:$B$190,MATCH(B72,exercicio!$A$2:$A$190,0)),"") -> Barra Fixa | G72: =COUNTIF(exercicio_equipamento!$A$2:$A$400,B72)=0 -> FALSE
A73: 21 | B73: 18 | C73: 2 | E73: =IFERROR(INDEX(exercicio!$B$2:$B$190,MATCH(A73,exercicio!$A$2:$A$190,0)),"") -> Remada Invertida | F73: =IFERROR(INDEX(exercicio!$B$2:$B$190,MATCH(B73,exercicio!$A$2:$A$190,0)),"") -> Remada Baixa | G73: =COUNTIF(exercicio_equipamento!$A$2:$A$400,B73)=0 -> FALSE
A74: 21 | B74: 15 | C74: 3 | D74: Aproximação: sem objeto não há remada equivalente | E74: =IFERROR(INDEX(exercicio!$B$2:$B$190,MATCH(A74,exercicio!$A$2:$A$190,0)),"") -> Remada Invertida | F74: =IFERROR(INDEX(exercicio!$B$2:$B$190,MATCH(B74,exercicio!$A$2:$A$190,0)),"") -> Elevação Prona em T | G74: =COUNTIF(exercicio_equipamento!$A$2:$A$400,B74)=0 -> TRUE
A75: 22 | B75: 17 | C75: 1 | E75: =IFERROR(INDEX(exercicio!$B$2:$B$190,MATCH(A75,exercicio!$A$2:$A$190,0)),"") -> Barra Fixa | F75: =IFERROR(INDEX(exercicio!$B$2:$B$190,MATCH(B75,exercicio!$A$2:$A$190,0)),"") -> Puxada Alta | G75: =COUNTIF(exercicio_equipamento!$A$2:$A$400,B75)=0 -> FALSE
A76: 22 | B76: 21 | C76: 2 | E76: =IFERROR(INDEX(exercicio!$B$2:$B$190,MATCH(A76,exercicio!$A$2:$A$190,0)),"") -> Barra Fixa | F76: =IFERROR(INDEX(exercicio!$B$2:$B$190,MATCH(B76,exercicio!$A$2:$A$190,0)),"") -> Remada Invertida | G76: =COUNTIF(exercicio_equipamento!$A$2:$A$400,B76)=0 -> FALSE
A77: 22 | B77: 25 | C77: 3 | D77: Aproximação: sem objeto não há puxada vertical equivalente | E77: =IFERROR(INDEX(exercicio!$B$2:$B$190,MATCH(A77,exercicio!$A$2:$A$190,0)),"") -> Barra Fixa | F77: =IFERROR(INDEX(exercicio!$B$2:$B$190,MATCH(B77,exercicio!$A$2:$A$190,0)),"") -> Elevação Prona em Y | G77: =COUNTIF(exercicio_equipamento!$A$2:$A$400,B77)=0 -> TRUE
A78: 23 | B78: 24 | C78: 1 | E78: =IFERROR(INDEX(exercicio!$B$2:$B$190,MATCH(A78,exercicio!$A$2:$A$190,0)),"") -> Encolhimento com Halteres | F78: =IFERROR(INDEX(exercicio!$B$2:$B$190,MATCH(B78,exercicio!$A$2:$A$190,0)),"") -> Encolhimento com Barra | G78: =COUNTIF(exercicio_equipamento!$A$2:$A$400,B78)=0 -> FALSE
A79: 23 | B79: 25 | C79: 2 | E79: =IFERROR(INDEX(exercicio!$B$2:$B$190,MATCH(A79,exercicio!$A$2:$A$190,0)),"") -> Encolhimento com Halteres | F79: =IFERROR(INDEX(exercicio!$B$2:$B$190,MATCH(B79,exercicio!$A$2:$A$190,0)),"") -> Elevação Prona em Y | G79: =COUNTIF(exercicio_equipamento!$A$2:$A$400,B79)=0 -> TRUE
A80: 23 | B80: 26 | C80: 3 | E80: =IFERROR(INDEX(exercicio!$B$2:$B$190,MATCH(A80,exercicio!$A$2:$A$190,0)),"") -> Encolhimento com Halteres | F80: =IFERROR(INDEX(exercicio!$B$2:$B$190,MATCH(B80,exercicio!$A$2:$A$190,0)),"") -> Anjo e Diabo Prono | G80: =COUNTIF(exercicio_equipamento!$A$2:$A$400,B80)=0 -> TRUE
A81: 24 | B81: 23 | C81: 1 | E81: =IFERROR(INDEX(exercicio!$B$2:$B$190,MATCH(A81,exercicio!$A$2:$A$190,0)),"") -> Encolhimento com Barra | F81: =IFERROR(INDEX(exercicio!$B$2:$B$190,MATCH(B81,exercicio!$A$2:$A$190,0)),"") -> Encolhimento com Halteres | G81: =COUNTIF(exercicio_equipamento!$A$2:$A$400,B81)=0 -> FALSE
A82: 24 | B82: 25 | C82: 2 | E82: =IFERROR(INDEX(exercicio!$B$2:$B$190,MATCH(A82,exercicio!$A$2:$A$190,0)),"") -> Encolhimento com Barra | F82: =IFERROR(INDEX(exercicio!$B$2:$B$190,MATCH(B82,exercicio!$A$2:$A$190,0)),"") -> Elevação Prona em Y | G82: =COUNTIF(exercicio_equipamento!$A$2:$A$400,B82)=0 -> TRUE
A83: 24 | B83: 26 | C83: 3 | E83: =IFERROR(INDEX(exercicio!$B$2:$B$190,MATCH(A83,exercicio!$A$2:$A$190,0)),"") -> Encolhimento com Barra | F83: =IFERROR(INDEX(exercicio!$B$2:$B$190,MATCH(B83,exercicio!$A$2:$A$190,0)),"") -> Anjo e Diabo Prono | G83: =COUNTIF(exercicio_equipamento!$A$2:$A$400,B83)=0 -> TRUE
A84: 25 | B84: 26 | C84: 1 | E84: =IFERROR(INDEX(exercicio!$B$2:$B$190,MATCH(A84,exercicio!$A$2:$A$190,0)),"") -> Elevação Prona em Y | F84: =IFERROR(INDEX(exercicio!$B$2:$B$190,MATCH(B84,exercicio!$A$2:$A$190,0)),"") -> Anjo e Diabo Prono | G84: =COUNTIF(exercicio_equipamento!$A$2:$A$400,B84)=0 -> TRUE
A85: 25 | B85: 23 | C85: 2 | E85: =IFERROR(INDEX(exercicio!$B$2:$B$190,MATCH(A85,exercicio!$A$2:$A$190,0)),"") -> Elevação Prona em Y | F85: =IFERROR(INDEX(exercicio!$B$2:$B$190,MATCH(B85,exercicio!$A$2:$A$190,0)),"") -> Encolhimento com Halteres | G85: =COUNTIF(exercicio_equipamento!$A$2:$A$400,B85)=0 -> FALSE
A86: 25 | B86: 29 | C86: 3 | E86: =IFERROR(INDEX(exercicio!$B$2:$B$190,MATCH(A86,exercicio!$A$2:$A$190,0)),"") -> Elevação Prona em Y | F86: =IFERROR(INDEX(exercicio!$B$2:$B$190,MATCH(B86,exercicio!$A$2:$A$190,0)),"") -> Superman | G86: =COUNTIF(exercicio_equipamento!$A$2:$A$400,B86)=0 -> TRUE
A87: 26 | B87: 25 | C87: 1 | E87: =IFERROR(INDEX(exercicio!$B$2:$B$190,MATCH(A87,exercicio!$A$2:$A$190,0)),"") -> Anjo e Diabo Prono | F87: =IFERROR(INDEX(exercicio!$B$2:$B$190,MATCH(B87,exercicio!$A$2:$A$190,0)),"") -> Elevação Prona em Y | G87: =COUNTIF(exercicio_equipamento!$A$2:$A$400,B87)=0 -> TRUE
A88: 26 | B88: 29 | C88: 2 | E88: =IFERROR(INDEX(exercicio!$B$2:$B$190,MATCH(A88,exercicio!$A$2:$A$190,0)),"") -> Anjo e Diabo Prono | F88: =IFERROR(INDEX(exercicio!$B$2:$B$190,MATCH(B88,exercicio!$A$2:$A$190,0)),"") -> Superman | G88: =COUNTIF(exercicio_equipamento!$A$2:$A$400,B88)=0 -> TRUE
A89: 26 | B89: 24 | C89: 3 | E89: =IFERROR(INDEX(exercicio!$B$2:$B$190,MATCH(A89,exercicio!$A$2:$A$190,0)),"") -> Anjo e Diabo Prono | F89: =IFERROR(INDEX(exercicio!$B$2:$B$190,MATCH(B89,exercicio!$A$2:$A$190,0)),"") -> Encolhimento com Barra | G89: =COUNTIF(exercicio_equipamento!$A$2:$A$400,B89)=0 -> FALSE
... A98: 29 | B98: 28 | C98: 3 | E98: =IFERROR(INDEX(exercicio!$B$2:$B$190,MATCH(A98,exercicio!$A$2:$A$190,0)),"") -> Superman | F98: =IFERROR(INDEX(exercicio!$B$2:$B$190,MATCH(B98,exercicio!$A$2:$A$190,0)),"") -> Good Morning | G98: =COUNTIF(exercicio_equipamento!$A$2:$A$400,B98)=0 -> FALSE
A99: 30 | B99: 34 | C99: 1 | D99: Ressalva: eficácia reduzida vs. exercício com carga | E99: =IFERROR(INDEX(exercicio!$B$2:$B$190,MATCH(A99,exercicio!$A$2:$A$190,0)),"") -> Rosca Direta na Polia Baixa | F99: =IFERROR(INDEX(exercicio!$B$2:$B$190,MATCH(B99,exercicio!$A$2:$A$190,0)),"") -> Rosca de Bíceps com Autorresistência | G99: =COUNTIF(exercicio_equipamento!$A$2:$A$400,B99)=0 -> TRUE
A100: 30 | B100: 78 | C100: 2 | E100: =IFERROR(INDEX(exercicio!$B$2:$B$190,MATCH(A100,exercicio!$A$2:$A$190,0)),"") -> Rosca Direta na Polia Baixa | F100: =IFERROR(INDEX(exercicio!$B$2:$B$190,MATCH(B100,exercicio!$A$2:$A$190,0)),"") -> Rosca Martelo | G100: =COUNTIF(exercicio_equipamento!$A$2:$A$400,B100)=0 -> FALSE
A101: 30 | B101: 33 | C101: 3 | E101: =IFERROR(INDEX(exercicio!$B$2:$B$190,MATCH(A101,exercicio!$A$2:$A$190,0)),"") -> Rosca Direta na Polia Baixa | F101: =IFERROR(INDEX(exercicio!$B$2:$B$190,MATCH(B101,exercicio!$A$2:$A$190,0)),"") -> Rosca Scott com Halteres | G101: =COUNTIF(exercicio_equipamento!$A$2:$A$400,B101)=0 -> FALSE
A102: 30 | B102: 32 | C102: 4 | E102: =IFERROR(INDEX(exercicio!$B$2:$B$190,MATCH(A102,exercicio!$A$2:$A$190,0)),"") -> Rosca Direta na Polia Baixa | F102: =IFERROR(INDEX(exercicio!$B$2:$B$190,MATCH(B102,exercicio!$A$2:$A$190,0)),"") -> Rosca Inclinada com Halteres | G102: =COUNTIF(exercicio_equipamento!$A$2:$A$400,B102)=0 -> FALSE
A103: 31 | B103: 33 | C103: 1 | E103: =IFERROR(INDEX(exercicio!$B$2:$B$190,MATCH(A103,exercicio!$A$2:$A$190,0)),"") -> Rosca Scott na Máquina | F103: =IFERROR(INDEX(exercicio!$B$2:$B$190,MATCH(B103,exercicio!$A$2:$A$190,0)),"") -> Rosca Scott com Halteres | G103: =COUNTIF(exercicio_equipamento!$A$2:$A$400,B103)=0 -> FALSE
A104: 31 | B104: 34 | C104: 2 | D104: Ressalva: eficácia reduzida vs. exercício com carga | E104: =IFERROR(INDEX(exercicio!$B$2:$B$190,MATCH(A104,exercicio!$A$2:$A$190,0)),"") -> Rosca Scott na Máquina | F104: =IFERROR(INDEX(exercicio!$B$2:$B$190,MATCH(B104,exercicio!$A$2:$A$190,0)),"") -> Rosca de Bíceps com Autorresistência | G104: =COUNTIF(exercicio_equipamento!$A$2:$A$400,B104)=0 -> TRUE
A105: 31 | B105: 32 | C105: 3 | E105: =IFERROR(INDEX(exercicio!$B$2:$B$190,MATCH(A105,exercicio!$A$2:$A$190,0)),"") -> Rosca Scott na Máquina | F105: =IFERROR(INDEX(exercicio!$B$2:$B$190,MATCH(B105,exercicio!$A$2:$A$190,0)),"") -> Rosca Inclinada com Halteres | G105: =COUNTIF(exercicio_equipamento!$A$2:$A$400,B105)=0 -> FALSE
A106: 32 | B106: 79 | C106: 1 | E106: =IFERROR(INDEX(exercicio!$B$2:$B$190,MATCH(A106,exercicio!$A$2:$A$190,0)),"") -> Rosca Inclinada com Halteres | F106: =IFERROR(INDEX(exercicio!$B$2:$B$190,MATCH(B106,exercicio!$A$2:$A$190,0)),"") -> Rosca por Trás do Corpo na Polia | G106: =COUNTIF(exercicio_equipamento!$A$2:$A$400,B106)=0 -> FALSE
A107: 32 | B107: 33 | C107: 2 | E107: =IFERROR(INDEX(exercicio!$B$2:$B$190,MATCH(A107,exercicio!$A$2:$A$190,0)),"") -> Rosca Inclinada com Halteres | F107: =IFERROR(INDEX(exercicio!$B$2:$B$190,MATCH(B107,exercicio!$A$2:$A$190,0)),"") -> Rosca Scott com Halteres | G107: =COUNTIF(exercicio_equipamento!$A$2:$A$400,B107)=0 -> FALSE
A108: 32 | B108: 34 | C108: 3 | D108: Ressalva: eficácia reduzida vs. exercício com carga | E108: =IFERROR(INDEX(exercicio!$B$2:$B$190,MATCH(A108,exercicio!$A$2:$A$190,0)),"") -> Rosca Inclinada com Halteres | F108: =IFERROR(INDEX(exercicio!$B$2:$B$190,MATCH(B108,exercicio!$A$2:$A$190,0)),"") -> Rosca de Bíceps com Autorresistência | G108: =COUNTIF(exercicio_equipamento!$A$2:$A$400,B108)=0 -> TRUE
A109: 33 | B109: 31 | C109: 1 | E109: =IFERROR(INDEX(exercicio!$B$2:$B$190,MATCH(A109,exercicio!$A$2:$A$190,0)),"") -> Rosca Scott com Halteres | F109: =IFERROR(INDEX(exercicio!$B$2:$B$190,MATCH(B109,exercicio!$A$2:$A$190,0)),"") -> Rosca Scott na Máquina | G109: =COUNTIF(exercicio_equipamento!$A$2:$A$400,B109)=0 -> FALSE
A110: 33 | B110: 32 | C110: 2 | E110: =IFERROR(INDEX(exercicio!$B$2:$B$190,MATCH(A110,exercicio!$A$2:$A$190,0)),"") -> Rosca Scott com Halteres | F110: =IFERROR(INDEX(exercicio!$B$2:$B$190,MATCH(B110,exercicio!$A$2:$A$190,0)),"") -> Rosca Inclinada com Halteres | G110: =COUNTIF(exercicio_equipamento!$A$2:$A$400,B110)=0 -> FALSE
A111: 33 | B111: 34 | C111: 3 | D111: Ressalva: eficácia reduzida vs. exercício com carga | E111: =IFERROR(INDEX(exercicio!$B$2:$B$190,MATCH(A111,exercicio!$A$2:$A$190,0)),"") -> Rosca Scott com Halteres | F111: =IFERROR(INDEX(exercicio!$B$2:$B$190,MATCH(B111,exercicio!$A$2:$A$190,0)),"") -> Rosca de Bíceps com Autorresistência | G111: =COUNTIF(exercicio_equipamento!$A$2:$A$400,B111)=0 -> TRUE
A112: 34 | B112: 30 | C112: 1 | E112: =IFERROR(INDEX(exercicio!$B$2:$B$190,MATCH(A112,exercicio!$A$2:$A$190,0)),"") -> Rosca de Bíceps com Autorresistência | F112: =IFERROR(INDEX(exercicio!$B$2:$B$190,MATCH(B112,exercicio!$A$2:$A$190,0)),"") -> Rosca Direta na Polia Baixa | G112: =COUNTIF(exercicio_equipamento!$A$2:$A$400,B112)=0 -> FALSE
A113: 34 | B113: 78 | C113: 2 | E113: =IFERROR(INDEX(exercicio!$B$2:$B$190,MATCH(A113,exercicio!$A$2:$A$190,0)),"") -> Rosca de Bíceps com Autorresistência | F113: =IFERROR(INDEX(exercicio!$B$2:$B$190,MATCH(B113,exercicio!$A$2:$A$190,0)),"") -> Rosca Martelo | G113: =COUNTIF(exercicio_equipamento!$A$2:$A$400,B113)=0 -> FALSE
A114: 34 | B114: 33 | C114: 3 | E114: =IFERROR(INDEX(exercicio!$B$2:$B$190,MATCH(A114,exercicio!$A$2:$A$190,0)),"") -> Rosca de Bíceps com Autorresistência | F114: =IFERROR(INDEX(exercicio!$B$2:$B$190,MATCH(B114,exercicio!$A$2:$A$190,0)),"") -> Rosca Scott com Halteres | G114: =COUNTIF(exercicio_equipamento!$A$2:$A$400,B114)=0 -> FALSE
A115: 35 | B115: 8 | C115: 1 | E115: =IFERROR(INDEX(exercicio!$B$2:$B$190,MATCH(A115,exercicio!$A$2:$A$190,0)),"") -> Tríceps Pulley | F115: =IFERROR(INDEX(exercicio!$B$2:$B$190,MATCH(B115,exercicio!$A$2:$A$190,0)),"") -> Flexão Diamante | G115: =COUNTIF(exercicio_equipamento!$A$2:$A$400,B115)=0 -> TRUE
A116: 35 | B116: 7 | C116: 2 | E116: =IFERROR(INDEX(exercicio!$B$2:$B$190,MATCH(A116,exercicio!$A$2:$A$190,0)),"") -> Tríceps Pulley | F116: =IFERROR(INDEX(exercicio!$B$2:$B$190,MATCH(B116,exercicio!$A$2:$A$190,0)),"") -> Mergulho em Paralelas | G116: =COUNTIF(exercicio_equipamento!$A$2:$A$400,B116)=0 -> FALSE
A117: 35 | B117: 36 | C117: 3 | E117: =IFERROR(INDEX(exercicio!$B$2:$B$190,MATCH(A117,exercicio!$A$2:$A$190,0)),"") -> Tríceps Pulley | F117: =IFERROR(INDEX(exercicio!$B$2:$B$190,MATCH(B117,exercicio!$A$2:$A$190,0)),"") -> Tríceps Testa na Polia | G117: =COUNTIF(exercicio_equipamento!$A$2:$A$400,B117)=0 -> FALSE
A118: 35 | B118: 37 | C118: 4 | E118: =IFERROR(INDEX(exercicio!$B$2:$B$190,MATCH(A118,exercicio!$A$2:$A$190,0)),"") -> Tríceps Pulley | F118: =IFERROR(INDEX(exercicio!$B$2:$B$190,MATCH(B118,exercicio!$A$2:$A$190,0)),"") -> Tríceps Francês na Polia | G118: =COUNTIF(exercicio_equipamento!$A$2:$A$400,B118)=0 -> FALSE
A119: 36 | B119: 8 | C119: 1 | E119: =IFERROR(INDEX(exercicio!$B$2:$B$190,MATCH(A119,exercicio!$A$2:$A$190,0)),"") -> Tríceps Testa na Polia | F119: =IFERROR(INDEX(exercicio!$B$2:$B$190,MATCH(B119,exercicio!$A$2:$A$190,0)),"") -> Flexão Diamante | G119: =COUNTIF(exercicio_equipamento!$A$2:$A$400,B119)=0 -> TRUE
A120: 36 | B120: 80 | C120: 2 | E120: =IFERROR(INDEX(exercicio!$B$2:$B$190,MATCH(A120,exercicio!$A$2:$A$190,0)),"") -> Tríceps Testa na Polia | F120: =IFERROR(INDEX(exercicio!$B$2:$B$190,MATCH(B120,exercicio!$A$2:$A$190,0)),"") -> Tríceps Testa com Barra W | G120: =COUNTIF(exercicio_equipamento!$A$2:$A$400,B120)=0 -> FALSE
A121: 36 | B121: 37 | C121: 3 | E121: =IFERROR(INDEX(exercicio!$B$2:$B$190,MATCH(A121,exercicio!$A$2:$A$190,0)),"") -> Tríceps Testa na Polia | F121: =IFERROR(INDEX(exercicio!$B$2:$B$190,MATCH(B121,exercicio!$A$2:$A$190,0)),"") -> Tríceps Francês na Polia | G121: =COUNTIF(exercicio_equipamento!$A$2:$A$400,B121)=0 -> FALSE
A122: 37 | B122: 8 | C122: 1 | E122: =IFERROR(INDEX(exercicio!$B$2:$B$190,MATCH(A122,exercicio!$A$2:$A$190,0)),"") -> Tríceps Francês na Polia | F122: =IFERROR(INDEX(exercicio!$B$2:$B$190,MATCH(B122,exercicio!$A$2:$A$190,0)),"") -> Flexão Diamante | G122: =COUNTIF(exercicio_equipamento!$A$2:$A$400,B122)=0 -> TRUE
A123: 37 | B123: 80 | C123: 2 | E123: =IFERROR(INDEX(exercicio!$B$2:$B$190,MATCH(A123,exercicio!$A$2:$A$190,0)),"") -> Tríceps Francês na Polia | F123: =IFERROR(INDEX(exercicio!$B$2:$B$190,MATCH(B123,exercicio!$A$2:$A$190,0)),"") -> Tríceps Testa com Barra W | G123: =COUNTIF(exercicio_equipamento!$A$2:$A$400,B123)=0 -> FALSE
... A241: 72 | B241: 71 | C241: 3 | E241: =IFERROR(INDEX(exercicio!$B$2:$B$190,MATCH(A241,exercicio!$A$2:$A$190,0)),"") -> Crossover na Polia | F241: =IFERROR(INDEX(exercicio!$B$2:$B$190,MATCH(B241,exercicio!$A$2:$A$190,0)),"") -> Crucifixo Reto com Halteres | G241: =COUNTIF(exercicio_equipamento!$A$2:$A$400,B241)=0 -> FALSE
A242: 73 | B242: 15 | C242: 1 | D242: Aproximação: a elevação em T trabalha mais a porção posterior do deltoide | E242: =IFERROR(INDEX(exercicio!$B$2:$B$190,MATCH(A242,exercicio!$A$2:$A$190,0)),"") -> Elevação Lateral com Halteres | F242: =IFERROR(INDEX(exercicio!$B$2:$B$190,MATCH(B242,exercicio!$A$2:$A$190,0)),"") -> Elevação Prona em T | G242: =COUNTIF(exercicio_equipamento!$A$2:$A$400,B242)=0 -> TRUE
A243: 73 | B243: 12 | C243: 2 | E243: =IFERROR(INDEX(exercicio!$B$2:$B$190,MATCH(A243,exercicio!$A$2:$A$190,0)),"") -> Elevação Lateral com Halteres | F243: =IFERROR(INDEX(exercicio!$B$2:$B$190,MATCH(B243,exercicio!$A$2:$A$190,0)),"") -> Elevação Lateral no Cabo | G243: =COUNTIF(exercicio_equipamento!$A$2:$A$400,B243)=0 -> FALSE
A244: 73 | B244: 13 | C244: 3 | E244: =IFERROR(INDEX(exercicio!$B$2:$B$190,MATCH(A244,exercicio!$A$2:$A$190,0)),"") -> Elevação Lateral com Halteres | F244: =IFERROR(INDEX(exercicio!$B$2:$B$190,MATCH(B244,exercicio!$A$2:$A$190,0)),"") -> Elevação Lateral na Máquina | G244: =COUNTIF(exercicio_equipamento!$A$2:$A$400,B244)=0 -> FALSE
A245: 74 | B245: 9 | C245: 1 | E245: =IFERROR(INDEX(exercicio!$B$2:$B$190,MATCH(A245,exercicio!$A$2:$A$190,0)),"") -> Desenvolvimento na Máquina | F245: =IFERROR(INDEX(exercicio!$B$2:$B$190,MATCH(B245,exercicio!$A$2:$A$190,0)),"") -> Flexão em Pique | G245: =COUNTIF(exercicio_equipamento!$A$2:$A$400,B245)=0 -> TRUE
A246: 74 | B246: 11 | C246: 2 | E246: =IFERROR(INDEX(exercicio!$B$2:$B$190,MATCH(A246,exercicio!$A$2:$A$190,0)),"") -> Desenvolvimento na Máquina | F246: =IFERROR(INDEX(exercicio!$B$2:$B$190,MATCH(B246,exercicio!$A$2:$A$190,0)),"") -> Desenvolvimento com Halteres | G246: =COUNTIF(exercicio_equipamento!$A$2:$A$400,B246)=0 -> FALSE
A247: 74 | B247: 70 | C247: 3 | E247: =IFERROR(INDEX(exercicio!$B$2:$B$190,MATCH(A247,exercicio!$A$2:$A$190,0)),"") -> Desenvolvimento na Máquina | F247: =IFERROR(INDEX(exercicio!$B$2:$B$190,MATCH(B247,exercicio!$A$2:$A$190,0)),"") -> Supino Inclinado na Máquina | G247: =COUNTIF(exercicio_equipamento!$A$2:$A$400,B247)=0 -> FALSE
A248: 75 | B248: 9 | C248: 1 | E248: =IFERROR(INDEX(exercicio!$B$2:$B$190,MATCH(A248,exercicio!$A$2:$A$190,0)),"") -> Elevação Frontal na Polia | F248: =IFERROR(INDEX(exercicio!$B$2:$B$190,MATCH(B248,exercicio!$A$2:$A$190,0)),"") -> Flexão em Pique | G248: =COUNTIF(exercicio_equipamento!$A$2:$A$400,B248)=0 -> TRUE
A249: 75 | B249: 11 | C249: 2 | E249: =IFERROR(INDEX(exercicio!$B$2:$B$190,MATCH(A249,exercicio!$A$2:$A$190,0)),"") -> Elevação Frontal na Polia | F249: =IFERROR(INDEX(exercicio!$B$2:$B$190,MATCH(B249,exercicio!$A$2:$A$190,0)),"") -> Desenvolvimento com Halteres | G249: =COUNTIF(exercicio_equipamento!$A$2:$A$400,B249)=0 -> FALSE
A250: 75 | B250: 74 | C250: 3 | E250: =IFERROR(INDEX(exercicio!$B$2:$B$190,MATCH(A250,exercicio!$A$2:$A$190,0)),"") -> Elevação Frontal na Polia | F250: =IFERROR(INDEX(exercicio!$B$2:$B$190,MATCH(B250,exercicio!$A$2:$A$190,0)),"") -> Desenvolvimento na Máquina | G250: =COUNTIF(exercicio_equipamento!$A$2:$A$400,B250)=0 -> FALSE
A251: 76 | B251: 17 | C251: 1 | E251: =IFERROR(INDEX(exercicio!$B$2:$B$190,MATCH(A251,exercicio!$A$2:$A$190,0)),"") -> Puxada Alta com Triângulo | F251: =IFERROR(INDEX(exercicio!$B$2:$B$190,MATCH(B251,exercicio!$A$2:$A$190,0)),"") -> Puxada Alta | G251: =COUNTIF(exercicio_equipamento!$A$2:$A$400,B251)=0 -> FALSE
A252: 76 | B252: 22 | C252: 2 | E252: =IFERROR(INDEX(exercicio!$B$2:$B$190,MATCH(A252,exercicio!$A$2:$A$190,0)),"") -> Puxada Alta com Triângulo | F252: =IFERROR(INDEX(exercicio!$B$2:$B$190,MATCH(B252,exercicio!$A$2:$A$190,0)),"") -> Barra Fixa | G252: =COUNTIF(exercicio_equipamento!$A$2:$A$400,B252)=0 -> FALSE
A253: 76 | B253: 25 | C253: 3 | D253: Aproximação: sem objeto não há puxada vertical equivalente | E253: =IFERROR(INDEX(exercicio!$B$2:$B$190,MATCH(A253,exercicio!$A$2:$A$190,0)),"") -> Puxada Alta com Triângulo | F253: =IFERROR(INDEX(exercicio!$B$2:$B$190,MATCH(B253,exercicio!$A$2:$A$190,0)),"") -> Elevação Prona em Y | G253: =COUNTIF(exercicio_equipamento!$A$2:$A$400,B253)=0 -> TRUE
...

Sheet exercicio_grupo_muscular
A1: exercicio_id | B1: grupo_muscular_id | C1: papel | D1: _aux_exercicio | E1: _aux_grupo
A2: 1 | B2: 1 | C2: PRIMARIO | D2: =IFERROR(INDEX(exercicio!$B$2:$B$190,MATCH(A2,exercicio!$A$2:$A$190,0)),"") -> Supino Reto com Barra | E2: =IFERROR(INDEX(grupo_muscular!$C$2:$C$50,MATCH(B2,grupo_muscular!$A$2:$A$50,0)),"") -> Peitoral
A3: 1 | B3: 3 | C3: SECUNDARIO | D3: =IFERROR(INDEX(exercicio!$B$2:$B$190,MATCH(A3,exercicio!$A$2:$A$190,0)),"") -> Supino Reto com Barra | E3: =IFERROR(INDEX(grupo_muscular!$C$2:$C$50,MATCH(B3,grupo_muscular!$A$2:$A$50,0)),"") -> Tríceps
A4: 1 | B4: 2 | C4: SECUNDARIO | D4: =IFERROR(INDEX(exercicio!$B$2:$B$190,MATCH(A4,exercicio!$A$2:$A$190,0)),"") -> Supino Reto com Barra | E4: =IFERROR(INDEX(grupo_muscular!$C$2:$C$50,MATCH(B4,grupo_muscular!$A$2:$A$50,0)),"") -> Deltoides
A5: 2 | B5: 1 | C5: PRIMARIO | D5: =IFERROR(INDEX(exercicio!$B$2:$B$190,MATCH(A5,exercicio!$A$2:$A$190,0)),"") -> Supino Inclinado com Halteres | E5: =IFERROR(INDEX(grupo_muscular!$C$2:$C$50,MATCH(B5,grupo_muscular!$A$2:$A$50,0)),"") -> Peitoral
A6: 2 | B6: 3 | C6: SECUNDARIO | D6: =IFERROR(INDEX(exercicio!$B$2:$B$190,MATCH(A6,exercicio!$A$2:$A$190,0)),"") -> Supino Inclinado com Halteres | E6: =IFERROR(INDEX(grupo_muscular!$C$2:$C$50,MATCH(B6,grupo_muscular!$A$2:$A$50,0)),"") -> Tríceps
A7: 2 | B7: 2 | C7: SECUNDARIO | D7: =IFERROR(INDEX(exercicio!$B$2:$B$190,MATCH(A7,exercicio!$A$2:$A$190,0)),"") -> Supino Inclinado com Halteres | E7: =IFERROR(INDEX(grupo_muscular!$C$2:$C$50,MATCH(B7,grupo_muscular!$A$2:$A$50,0)),"") -> Deltoides
A8: 3 | B8: 1 | C8: PRIMARIO | D8: =IFERROR(INDEX(exercicio!$B$2:$B$190,MATCH(A8,exercicio!$A$2:$A$190,0)),"") -> Voador Peitoral | E8: =IFERROR(INDEX(grupo_muscular!$C$2:$C$50,MATCH(B8,grupo_muscular!$A$2:$A$50,0)),"") -> Peitoral
A9: 3 | B9: 2 | C9: SECUNDARIO | D9: =IFERROR(INDEX(exercicio!$B$2:$B$190,MATCH(A9,exercicio!$A$2:$A$190,0)),"") -> Voador Peitoral | E9: =IFERROR(INDEX(grupo_muscular!$C$2:$C$50,MATCH(B9,grupo_muscular!$A$2:$A$50,0)),"") -> Deltoides
A10: 4 | B10: 1 | C10: PRIMARIO | D10: =IFERROR(INDEX(exercicio!$B$2:$B$190,MATCH(A10,exercicio!$A$2:$A$190,0)),"") -> Flexão de Braço | E10: =IFERROR(INDEX(grupo_muscular!$C$2:$C$50,MATCH(B10,grupo_muscular!$A$2:$A$50,0)),"") -> Peitoral
A11: 4 | B11: 3 | C11: SECUNDARIO | D11: =IFERROR(INDEX(exercicio!$B$2:$B$190,MATCH(A11,exercicio!$A$2:$A$190,0)),"") -> Flexão de Braço | E11: =IFERROR(INDEX(grupo_muscular!$C$2:$C$50,MATCH(B11,grupo_muscular!$A$2:$A$50,0)),"") -> Tríceps
A12: 4 | B12: 2 | C12: SECUNDARIO | D12: =IFERROR(INDEX(exercicio!$B$2:$B$190,MATCH(A12,exercicio!$A$2:$A$190,0)),"") -> Flexão de Braço | E12: =IFERROR(INDEX(grupo_muscular!$C$2:$C$50,MATCH(B12,grupo_muscular!$A$2:$A$50,0)),"") -> Deltoides
A13: 4 | B13: 9 | C13: SECUNDARIO | D13: =IFERROR(INDEX(exercicio!$B$2:$B$190,MATCH(A13,exercicio!$A$2:$A$190,0)),"") -> Flexão de Braço | E13: =IFERROR(INDEX(grupo_muscular!$C$2:$C$50,MATCH(B13,grupo_muscular!$A$2:$A$50,0)),"") -> Abdômen
... A189: 89 | B189: 14 | C189: SECUNDARIO | D189: =IFERROR(INDEX(exercicio!$B$2:$B$190,MATCH(A189,exercicio!$A$2:$A$190,0)),"") -> Afundo Lateral | E189: =IFERROR(INDEX(grupo_muscular!$C$2:$C$50,MATCH(B189,grupo_muscular!$A$2:$A$50,0)),"") -> Adutores

Sheet exercicio_equipamento
A1: exercicio_id | B1: equipamento_id | C1: _aux_exercicio | D1: _aux_equipamento
A2: 1 | B2: 1 | C2: =IFERROR(INDEX(exercicio!$B$2:$B$190,MATCH(A2,exercicio!$A$2:$A$190,0)),"") -> Supino Reto com Barra | D2: =IFERROR(INDEX(equipamento!$B$2:$B$50,MATCH(B2,equipamento!$A$2:$A$50,0)),"") -> Barra reta
A3: 1 | B3: 3 | C3: =IFERROR(INDEX(exercicio!$B$2:$B$190,MATCH(A3,exercicio!$A$2:$A$190,0)),"") -> Supino Reto com Barra | D3: =IFERROR(INDEX(equipamento!$B$2:$B$50,MATCH(B3,equipamento!$A$2:$A$50,0)),"") -> Banco reto
A4: 2 | B4: 4 | C4: =IFERROR(INDEX(exercicio!$B$2:$B$190,MATCH(A4,exercicio!$A$2:$A$190,0)),"") -> Supino Inclinado com Halteres | D4: =IFERROR(INDEX(equipamento!$B$2:$B$50,MATCH(B4,equipamento!$A$2:$A$50,0)),"") -> Banco ajustável
A5: 2 | B5: 2 | C5: =IFERROR(INDEX(exercicio!$B$2:$B$190,MATCH(A5,exercicio!$A$2:$A$190,0)),"") -> Supino Inclinado com Halteres | D5: =IFERROR(INDEX(equipamento!$B$2:$B$50,MATCH(B5,equipamento!$A$2:$A$50,0)),"") -> Halteres
A6: 3 | B6: 12 | C6: =IFERROR(INDEX(exercicio!$B$2:$B$190,MATCH(A6,exercicio!$A$2:$A$190,0)),"") -> Voador Peitoral | D6: =IFERROR(INDEX(equipamento!$B$2:$B$50,MATCH(B6,equipamento!$A$2:$A$50,0)),"") -> Peck deck
A7: 7 | B7: 8 | C7: =IFERROR(INDEX(exercicio!$B$2:$B$190,MATCH(A7,exercicio!$A$2:$A$190,0)),"") -> Mergulho em Paralelas | D7: =IFERROR(INDEX(equipamento!$B$2:$B$50,MATCH(B7,equipamento!$A$2:$A$50,0)),"") -> Barras paralelas
A8: 11 | B8: 4 | C8: =IFERROR(INDEX(exercicio!$B$2:$B$190,MATCH(A8,exercicio!$A$2:$A$190,0)),"") -> Desenvolvimento com Halteres | D8: =IFERROR(INDEX(equipamento!$B$2:$B$50,MATCH(B8,equipamento!$A$2:$A$50,0)),"") -> Banco ajustável
A9: 11 | B9: 2 | C9: =IFERROR(INDEX(exercicio!$B$2:$B$190,MATCH(A9,exercicio!$A$2:$A$190,0)),"") -> Desenvolvimento com Halteres | D9: =IFERROR(INDEX(equipamento!$B$2:$B$50,MATCH(B9,equipamento!$A$2:$A$50,0)),"") -> Halteres
A10: 12 | B10: 11 | C10: =IFERROR(INDEX(exercicio!$B$2:$B$190,MATCH(A10,exercicio!$A$2:$A$190,0)),"") -> Elevação Lateral no Cabo | D10: =IFERROR(INDEX(equipamento!$B$2:$B$50,MATCH(B10,equipamento!$A$2:$A$50,0)),"") -> Polia (cabo)
A11: 13 | B11: 15 | C11: =IFERROR(INDEX(exercicio!$B$2:$B$190,MATCH(A11,exercicio!$A$2:$A$190,0)),"") -> Elevação Lateral na Máquina | D11: =IFERROR(INDEX(equipamento!$B$2:$B$50,MATCH(B11,equipamento!$A$2:$A$50,0)),"") -> Máquina de elevação lateral
A12: 14 | B12: 11 | C12: =IFERROR(INDEX(exercicio!$B$2:$B$190,MATCH(A12,exercicio!$A$2:$A$190,0)),"") -> Crucifixo Invertido na Polia | D12: =IFERROR(INDEX(equipamento!$B$2:$B$50,MATCH(B12,equipamento!$A$2:$A$50,0)),"") -> Polia (cabo)
A13: 17 | B13: 11 | C13: =IFERROR(INDEX(exercicio!$B$2:$B$190,MATCH(A13,exercicio!$A$2:$A$190,0)),"") -> Puxada Alta | D13: =IFERROR(INDEX(equipamento!$B$2:$B$50,MATCH(B13,equipamento!$A$2:$A$50,0)),"") -> Polia (cabo)
... A78: 86 | B78: 31 | C78: =IFERROR(INDEX(exercicio!$B$2:$B$190,MATCH(A78,exercicio!$A$2:$A$190,0)),"") -> Cadeira Abdutora | D78: =IFERROR(INDEX(equipamento!$B$2:$B$50,MATCH(B78,equipamento!$A$2:$A$50,0)),"") -> Cadeira abdutora

Sheet exercicio_passo
A1: exercicio_id | B1: ordem | C1: descricao | D1: dica_extra | E1: _aux_exercicio
A2: 1 | B2: 1 | C2: Deite no banco com os pés apoiados no chão e retire a barra do suporte | D2: Mantenha as escápulas retraídas contra o banco | E2: =IFERROR(INDEX(exercicio!$B$2:$B$190,MATCH(A2,exercicio!$A$2:$A$190,0)),"") -> Supino Reto com Barra
A3: 2 | B3: 1 | C3: Ajuste o banco para uma inclinação de 30°. Sente-se no banco e apoie cada halter em cima dos joelhos | E3: =IFERROR(INDEX(exercicio!$B$2:$B$190,MATCH(A3,exercicio!$A$2:$A$190,0)),"") -> Supino Inclinado com Halteres
A4: 2 | B4: 2 | C4: Para deitar com segurança, use as coxas para impulsionar os halteres para cima, um de cada vez, enquanto deita as costas no banco | E4: =IFERROR(INDEX(exercicio!$B$2:$B$190,MATCH(A4,exercicio!$A$2:$A$190,0)),"") -> Supino Inclinado com Halteres
A5: 2 | B5: 3 | C5: Mantenha os pés firmes no chão para dar estabilidade e feche as escápulas | E5: =IFERROR(INDEX(exercicio!$B$2:$B$190,MATCH(A5,exercicio!$A$2:$A$190,0)),"") -> Supino Inclinado com Halteres
A6: 2 | B6: 4 | C6: Desça os halteres de forma controlada até o lado do seu peitoral superior | E6: =IFERROR(INDEX(exercicio!$B$2:$B$190,MATCH(A6,exercicio!$A$2:$A$190,0)),"") -> Supino Inclinado com Halteres
A7: 2 | B7: 5 | C7: Empurre os halteres para cima com força, concentrando o esforço no peitoral | D7: Evite esticar o cotovelo completamente no topo para não tirar o estímulo do peito | E7: =IFERROR(INDEX(exercicio!$B$2:$B$190,MATCH(A7,exercicio!$A$2:$A$190,0)),"") -> Supino Inclinado com Halteres
A8: 3 | B8: 1 | C8: Regule a altura do assento para que as manoplas fiquem exatamente na linha do meio do seu peitoral | E8: =IFERROR(INDEX(exercicio!$B$2:$B$190,MATCH(A8,exercicio!$A$2:$A$190,0)),"") -> Voador Peitoral
A9: 3 | B9: 2 | C9: Posicione os braços da máquina em uma abertura que permita alongar o peitoral | E9: =IFERROR(INDEX(exercicio!$B$2:$B$190,MATCH(A9,exercicio!$A$2:$A$190,0)),"") -> Voador Peitoral
A10: 3 | B10: 3 | C10: Pressione as manoplas para a frente até que se aproximem na frente do peito | E10: =IFERROR(INDEX(exercicio!$B$2:$B$190,MATCH(A10,exercicio!$A$2:$A$190,0)),"") -> Voador Peitoral
A11: 3 | B11: 4 | C11: Retorne os braços de forma lenta e controlada até sentir o peitoral alongar bem | E11: =IFERROR(INDEX(exercicio!$B$2:$B$190,MATCH(A11,exercicio!$A$2:$A$190,0)),"") -> Voador Peitoral
A12: 17 | B12: 1 | C12: Puxe a barra em direção à parte superior do peito | E12: =IFERROR(INDEX(exercicio!$B$2:$B$190,MATCH(A12,exercicio!$A$2:$A$190,0)),"") -> Puxada Alta
A13: 17 | B13: 2 | C13: Faça uma breve pausa de 1 segundo mantendo a musculatura das costas contraída | E13: =IFERROR(INDEX(exercicio!$B$2:$B$190,MATCH(A13,exercicio!$A$2:$A$190,0)),"") -> Puxada Alta
A14: 17 | B14: 3 | C14: Suba a barra de forma controlada | E14: =IFERROR(INDEX(exercicio!$B$2:$B$190,MATCH(A14,exercicio!$A$2:$A$190,0)),"") -> Puxada Alta

Sheet exercicio_apelido
A1: exercicio_id | B1: apelido | C1: _aux_exercicio
A2: 1 | B2: Bench Press | C2: =IFERROR(INDEX(exercicio!$B$2:$B$190,MATCH(A2,exercicio!$A$2:$A$190,0)),"") -> Supino Reto com Barra
A3: 1 | B3: Supino Reto | C3: =IFERROR(INDEX(exercicio!$B$2:$B$190,MATCH(A3,exercicio!$A$2:$A$190,0)),"") -> Supino Reto com Barra
A4: 1 | B4: Supino com Barra | C4: =IFERROR(INDEX(exercicio!$B$2:$B$190,MATCH(A4,exercicio!$A$2:$A$190,0)),"") -> Supino Reto com Barra
A5: 2 | B5: Supino 45 com Halteres | C5: =IFERROR(INDEX(exercicio!$B$2:$B$190,MATCH(A5,exercicio!$A$2:$A$190,0)),"") -> Supino Inclinado com Halteres
A6: 2 | B6: Supino Inclinado com Halter | C6: =IFERROR(INDEX(exercicio!$B$2:$B$190,MATCH(A6,exercicio!$A$2:$A$190,0)),"") -> Supino Inclinado com Halteres
A7: 3 | B7: Peck Deck | C7: =IFERROR(INDEX(exercicio!$B$2:$B$190,MATCH(A7,exercicio!$A$2:$A$190,0)),"") -> Voador Peitoral
A8: 3 | B8: Crucifixo na Máquina | C8: =IFERROR(INDEX(exercicio!$B$2:$B$190,MATCH(A8,exercicio!$A$2:$A$190,0)),"") -> Voador Peitoral
A9: 3 | B9: Pec Deck | C9: =IFERROR(INDEX(exercicio!$B$2:$B$190,MATCH(A9,exercicio!$A$2:$A$190,0)),"") -> Voador Peitoral
A10: 4 | B10: Push-up | C10: =IFERROR(INDEX(exercicio!$B$2:$B$190,MATCH(A10,exercicio!$A$2:$A$190,0)),"") -> Flexão de Braço
A11: 4 | B11: Apoio | C11: =IFERROR(INDEX(exercicio!$B$2:$B$190,MATCH(A11,exercicio!$A$2:$A$190,0)),"") -> Flexão de Braço
A12: 5 | B12: Flexão Larga | C12: =IFERROR(INDEX(exercicio!$B$2:$B$190,MATCH(A12,exercicio!$A$2:$A$190,0)),"") -> Flexão com Apoio Afastado
A13: 6 | B13: Flexão Declinada | C13: =IFERROR(INDEX(exercicio!$B$2:$B$190,MATCH(A13,exercicio!$A$2:$A$190,0)),"") -> Flexão com Pés Elevados
... A135: 89 | B135: Lateral Lunge | C135: =IFERROR(INDEX(exercicio!$B$2:$B$190,MATCH(A135,exercicio!$A$2:$A$190,0)),"") -> Afundo Lateral

Sheet exercicio_fonte
A1: exercicio_id | B1: fonte_id | C1: _aux_exercicio | D1: _aux_fonte
A2: 1 | B2: 1 | C2: =IFERROR(INDEX(exercicio!$B$2:$B$190,MATCH(A2,exercicio!$A$2:$A$190,0)),"") -> Supino Reto com Barra | D2: =IFERROR(INDEX(fonte!$B$2:$B$200,MATCH(B2,fonte!$A$2:$A$200,0))&" - "&INDEX(fonte!$C$2:$C$200,MATCH(B2,fonte!$A$2:$A$200,0)),"") -> JOI Rehab & Sports Medicine - Proper Bench Press Technique
A3: 2 | B3: 2 | C3: =IFERROR(INDEX(exercicio!$B$2:$B$190,MATCH(A3,exercicio!$A$2:$A$190,0)),"") -> Supino Inclinado com Halteres | D3: =IFERROR(INDEX(fonte!$B$2:$B$200,MATCH(B3,fonte!$A$2:$A$200,0))&" - "&INDEX(fonte!$C$2:$C$200,MATCH(B3,fonte!$A$2:$A$200,0)),"") -> NASM - Two-Arm Incline Dumbbell Chest Press
A4: 3 | B4: 80 | C4: =IFERROR(INDEX(exercicio!$B$2:$B$190,MATCH(A4,exercicio!$A$2:$A$190,0)),"") -> Voador Peitoral | D4: =IFERROR(INDEX(fonte!$B$2:$B$200,MATCH(B4,fonte!$A$2:$A$200,0))&" - "&INDEX(fonte!$C$2:$C$200,MATCH(B4,fonte!$A$2:$A$200,0)),"") -> StrengthLog - Pec Deck
A5: 4 | B5: 81 | C5: =IFERROR(INDEX(exercicio!$B$2:$B$190,MATCH(A5,exercicio!$A$2:$A$190,0)),"") -> Flexão de Braço | D5: =IFERROR(INDEX(fonte!$B$2:$B$200,MATCH(B5,fonte!$A$2:$A$200,0))&" - "&INDEX(fonte!$C$2:$C$200,MATCH(B5,fonte!$A$2:$A$200,0)),"") -> ACE Fitness - Push-Up (#41)
A6: 4 | B6: 82 | C6: =IFERROR(INDEX(exercicio!$B$2:$B$190,MATCH(A6,exercicio!$A$2:$A$190,0)),"") -> Flexão de Braço | D6: =IFERROR(INDEX(fonte!$B$2:$B$200,MATCH(B6,fonte!$A$2:$A$200,0))&" - "&INDEX(fonte!$C$2:$C$200,MATCH(B6,fonte!$A$2:$A$200,0)),"") -> StrengthLog - Push-Up
A7: 5 | B7: 3 | C7: =IFERROR(INDEX(exercicio!$B$2:$B$190,MATCH(A7,exercicio!$A$2:$A$190,0)),"") -> Flexão com Apoio Afastado | D7: =IFERROR(INDEX(fonte!$B$2:$B$200,MATCH(B7,fonte!$A$2:$A$200,0))&" - "&INDEX(fonte!$C$2:$C$200,MATCH(B7,fonte!$A$2:$A$200,0)),"") -> Healthline - Wide Push-Ups
A8: 6 | B8: 3 | C8: =IFERROR(INDEX(exercicio!$B$2:$B$190,MATCH(A8,exercicio!$A$2:$A$190,0)),"") -> Flexão com Pés Elevados | D8: =IFERROR(INDEX(fonte!$B$2:$B$200,MATCH(B8,fonte!$A$2:$A$200,0))&" - "&INDEX(fonte!$C$2:$C$200,MATCH(B8,fonte!$A$2:$A$200,0)),"") -> Healthline - Wide Push-Ups
A9: 7 | B9: 24 | C9: =IFERROR(INDEX(exercicio!$B$2:$B$190,MATCH(A9,exercicio!$A$2:$A$190,0)),"") -> Mergulho em Paralelas | D9: =IFERROR(INDEX(fonte!$B$2:$B$200,MATCH(B9,fonte!$A$2:$A$200,0))&" - "&INDEX(fonte!$C$2:$C$200,MATCH(B9,fonte!$A$2:$A$200,0)),"") -> FitnessVolt - Parallel Bar Dip Alternatives
A10: 7 | B10: 99 | C10: =IFERROR(INDEX(exercicio!$B$2:$B$190,MATCH(A10,exercicio!$A$2:$A$190,0)),"") -> Mergulho em Paralelas | D10: =IFERROR(INDEX(fonte!$B$2:$B$200,MATCH(B10,fonte!$A$2:$A$200,0))&" - "&INDEX(fonte!$C$2:$C$200,MATCH(B10,fonte!$A$2:$A$200,0)),"") -> StrengthLog - Bar Dip
A11: 8 | B11: 22 | C11: =IFERROR(INDEX(exercicio!$B$2:$B$190,MATCH(A11,exercicio!$A$2:$A$190,0)),"") -> Flexão Diamante | D11: =IFERROR(INDEX(fonte!$B$2:$B$200,MATCH(B11,fonte!$A$2:$A$200,0))&" - "&INDEX(fonte!$C$2:$C$200,MATCH(B11,fonte!$A$2:$A$200,0)),"") -> Exercise.com - Close-Grip Push-Up
A12: 8 | B12: 23 | C12: =IFERROR(INDEX(exercicio!$B$2:$B$190,MATCH(A12,exercicio!$A$2:$A$190,0)),"") -> Flexão Diamante | D12: =IFERROR(INDEX(fonte!$B$2:$B$200,MATCH(B12,fonte!$A$2:$A$200,0))&" - "&INDEX(fonte!$C$2:$C$200,MATCH(B12,fonte!$A$2:$A$200,0)),"") -> ExRx.net - Bodyweight Close Grip Push-up
A13: 9 | B13: 8 | C13: =IFERROR(INDEX(exercicio!$B$2:$B$190,MATCH(A13,exercicio!$A$2:$A$190,0)),"") -> Flexão em Pique | D13: =IFERROR(INDEX(fonte!$B$2:$B$200,MATCH(B13,fonte!$A$2:$A$200,0))&" - "&INDEX(fonte!$C$2:$C$200,MATCH(B13,fonte!$A$2:$A$200,0)),"") -> NASM - Pike Push-Up
... A106: 89 | B106: 79 | C106: =IFERROR(INDEX(exercicio!$B$2:$B$190,MATCH(A106,exercicio!$A$2:$A$190,0)),"") -> Afundo Lateral | D106: =IFERROR(INDEX(fonte!$B$2:$B$200,MATCH(B106,fonte!$A$2:$A$200,0))&" - "&INDEX(fonte!$C$2:$C$200,MATCH(B106,fonte!$A$2:$A$200,0)),"") -> ACE Fitness - A Guide to At-Home Workouts for Beginners (inclui afundo lateral)

Sheet grupo_muscular
A1: id | B1: codigo | C1: nome | D1: regiao | E1: descricao
A2: 1 | B2: PEITORAL | C2: Peitoral | D2: Superior | E2: Músculos do peito
A3: 2 | B3: DELTOIDES | C3: Deltoides | D3: Superior | E3: Ombros
A4: 3 | B4: TRICEPS | C4: Tríceps | D4: Superior | E4: Parte de trás do braço
A5: 4 | B5: BICEPS | C5: Bíceps | D5: Superior | E5: Parte da frente do braço
A6: 5 | B6: ANTEBRACO | C6: Antebraço | D6: Superior | E6: Antebraço e preensão
A7: 6 | B7: DORSAL | C7: Dorsal | D7: Superior | E7: Costas, região lateral (latíssimo do dorso)
A8: 7 | B8: TRAPEZIO | C8: Trapézio | D8: Superior | E8: Costas, região superior
A9: 8 | B9: LOMBAR | C9: Lombar | D9: Core | E9: Região inferior das costas
A10: 9 | B10: ABDOMEN | C10: Abdômen | D10: Core | E10: Core / abdominais
A11: 10 | B11: QUADRICEPS | C11: Quadríceps | D11: Inferior | E11: Frente da coxa
A12: 11 | B12: POSTERIOR_COXA | C12: Posterior de coxa | D12: Inferior | E12: Isquiotibiais
A13: 12 | B13: GLUTEOS | C13: Glúteos | D13: Inferior | E13: Região do quadril/glúteo
... A15: 14 | B15: ADUTORES | C15: Adutores | D15: Inferior | E15: Parte interna da coxa

Sheet equipamento
A1: id | B1: nome | C1: categoria | D1: descricao
A2: 1 | B2: Barra reta | C2: Peso livre | D2: Barra olímpica/reta para supino, agachamento, terra etc.
A3: 2 | B3: Halteres | C3: Peso livre
A4: 3 | B4: Banco reto | C4: Acessório | D4: Banco plano; também serve de apoio (ex.: agachamento búlgaro)
A5: 4 | B5: Banco ajustável | C5: Acessório | D5: Banco com encosto regulável (inclinado/vertical)
A6: 5 | B6: Banco Scott | C6: Acessório | D6: Apoio para o braço na rosca Scott
A7: 6 | B7: Roda abdominal | C7: Acessório
A8: 7 | B8: Barra fixa | C8: Estrutura fixa | D8: Barra para pendurar-se; também usada em barra baixa/Smith na remada invertida
A9: 8 | B9: Barras paralelas | C9: Estrutura fixa
A10: 9 | B10: Cadeira capitão | C10: Estrutura fixa | D10: Apoio de antebraços e costas para elevação de pernas
A11: 10 | B11: Banco romano | C11: Estrutura fixa | D11: Banco de hiperextensão lombar
A12: 11 | B12: Polia (cabo) | C12: Máquina | D12: Polia alta/baixa/cross-over; inclui acessórios (corda, barra, triângulo)
A13: 12 | B13: Peck deck | C13: Máquina | D13: Máquina do voador peitoral
A14: 13 | B14: Máquina de remada | C14: Máquina
A15: 14 | B15: Máquina de rosca Scott | C15: Máquina
A16: 15 | B16: Máquina de elevação lateral | C16: Máquina
A17: 16 | B17: Cadeira extensora | C17: Máquina
A18: 17 | B18: Cadeira flexora | C18: Máquina
A19: 18 | B19: Leg press | C19: Máquina
A20: 19 | B20: Máquina de panturrilha em pé | C20: Máquina | D20: Elevação de panturrilha em pé com apoio nos ombros
A21: 20 | B21: Máquina de abdominal | C21: Máquina
A22: 21 | B22: Barra W | C22: Peso livre | D22: Barra com pegada angulada (EZ)
A23: 22 | B23: Máquina Smith | C23: Máquina | D23: Barra guiada em trilhos
A24: 23 | B24: Máquina de supino | C24: Máquina | D24: Supino sentado (chest press)
A25: 24 | B25: Máquina de supino inclinado | C25: Máquina
A26: 25 | B26: Máquina de desenvolvimento | C26: Máquina | D26: Desenvolvimento de ombros (shoulder press)
A27: 26 | B27: Máquina de remada cavalinho | C27: Máquina | D27: Barra T / remada cavalinho com apoio
A28: 27 | B28: Mesa flexora | C28: Máquina | D28: Flexão de joelhos deitado
A29: 28 | B29: Máquina de panturrilha sentado | C29: Máquina | D29: Panturrilha sentado com apoio nos joelhos
A30: 29 | B30: Máquina de agachamento hack | C30: Máquina
A31: 30 | B31: Cadeira adutora | C31: Máquina
A32: 31 | B32: Cadeira abdutora | C32: Máquina

Sheet padrao_movimento
A1: id | B1: codigo | C1: nome
A2: 1 | B2: EMPURRAR_HORIZONTAL | C2: Empurrar horizontal
A3: 2 | B3: EMPURRAR_VERTICAL | C3: Empurrar vertical
A4: 3 | B4: ABDUCAO_ADUCAO_OMBRO | C4: Abdução/adução de ombro
A5: 4 | B5: PUXAR_VERTICAL | C5: Puxar vertical
A6: 5 | B6: PUXAR_HORIZONTAL | C6: Puxar horizontal
A7: 6 | B7: ELEVACAO_ESCAPULAR | C7: Elevação escapular
A8: 7 | B8: FLEXAO_COTOVELO | C8: Flexão de cotovelo
A9: 8 | B9: EXTENSAO_COTOVELO | C9: Extensão de cotovelo
A10: 9 | B10: PREENSAO_PUNHO | C10: Preensão e punho
A11: 10 | B11: AGACHAR | C11: Agachar / avançar
A12: 11 | B12: EXTENSAO_JOELHO | C12: Extensão de joelho
A13: 12 | B13: FLEXAO_JOELHO | C13: Flexão de joelho
... A21: 20 | B21: ABDUCAO_ADUCAO_QUADRIL | C21: Abdução/adução de quadril

Sheet nivel_dificuldade
A1: id | B1: nome | C1: descricao
A2: 1 | B2: Iniciante | C2: Movimento simples, baixo risco de lesão, ideal para quem nunca treinou
A3: 2 | B3: Intermediário | C3: Exige coordenação, controle do peso corporal ou técnica moderada
A4: 3 | B4: Avançado | C4: Exige força, equilíbrio ou mobilidade significativos; maior risco se mal executado

Sheet fonte
A1: id | B1: autor_organizacao | C1: titulo | D1: url | E1: tipo
A2: 1 | B2: JOI Rehab & Sports Medicine | C2: Proper Bench Press Technique | D2: https://www.joionline.net/?p=31037 | E2: Artigo técnico
A3: 2 | B3: NASM | C3: Two-Arm Incline Dumbbell Chest Press | D3: https://www.nasm.org/resource-center/exercise-library/two-arm-incline-dumbbell-chest-press | E3: Biblioteca de exercícios
A4: 3 | B4: Healthline | C4: Wide Push-Ups | D4: https://www.healthline.com/health/exercise-fitness/wide-pushups | E4: Artigo técnico (revisão médica)
A5: 4 | B5: StrengthLog | C5: Cable Lateral Raise | D5: https://www.strengthlog.com/cable-lateral-raise/ | E5: Biblioteca de exercícios
A6: 5 | B6: Physitrack | C6: Step-by-step guide to T raises | D6: https://www.physitrack.com/da/exercise-library/how-to-perform-the-t-raises | E6: Biblioteca clínica (fisioterapia)
A7: 6 | B7: GymKee | C7: Lateral Raise Machine | D7: https://gymkee.com/exercises/shoulders/lateral-raise-machine/ | E7: Biblioteca de exercícios
A8: 7 | B8: Fitbod | C8: Dumbbell Shoulder Press | D8: https://fitbod.me/exercises/dumbbell-shoulder-press | E8: Biblioteca de exercícios (app)
A9: 8 | B9: NASM | C9: Pike Push-Up | D9: https://www.nasm.org/resource-center/exercise-library/pike-push-up | E9: Biblioteca de exercícios
A10: 9 | B10: ACE Fitness | C10: Reverse Fly | D10: https://www.acefitness.org/resources/everyone/exercise-library/353/reverse-fly/ | E10: Biblioteca de exercícios (American Council on Exercise)
A11: 10 | B11: GoFitify | C11: Reverse Snow Angels | D11: https://gofitify.com/exercises/bodyweight/reverse-snow-angels | E11: Biblioteca de exercícios
A12: 11 | B12: StrengthLog | C12: How to Do Machine Lat Pulldown | D12: https://www.strengthlog.com/machine-lat-pulldown/ | E12: Biblioteca de exercícios
A13: 12 | B13: Healthline | C13: How to Do the Seated Row | D13: https://www.healthline.com/health/seated-row | E13: Artigo técnico
... A101: 100 | B101: StrengthLog | C101: Standing Calf Raise (machine) | D101: https://www.strengthlog.com/standing-calf-raise/ | E101: Biblioteca de exercícios

Sheet checagem_regras
A1: exercicio_id | B1: nome | C1: n_alternativas | D1: n_sem_equipamento | E1: status | G1: Resumo
A2: 1 | B2: =IFERROR(INDEX(exercicio!$B$2:$B$190,MATCH(A2,exercicio!$A$2:$A$190,0)),"") -> Supino Reto com Barra | C2: =COUNTIF(exercicio_alternativo!$A$2:$A$400,A2) -> 4 | D2: =SUMPRODUCT((exercicio_alternativo!$A$2:$A$400=A2)*(exercicio_alternativo!$G$2:$G$400=TRUE())) -> 1 | E2: =IF(AND(C2>=2,C2<=4,D2>=1),"OK",IF(AND(C2>=2,C2<=4),"FALTA ALTERNATIVA SEM EQUIPAMENTO","FORA DE 2 A 4 ALTERNATIVAS")) -> OK | G2: Exercícios OK: | H2: =COUNTIF(E2:E90,"OK") -> 88
A3: 2 | B3: =IFERROR(INDEX(exercicio!$B$2:$B$190,MATCH(A3,exercicio!$A$2:$A$190,0)),"") -> Supino Inclinado com Halteres | C3: =COUNTIF(exercicio_alternativo!$A$2:$A$400,A3) -> 4 | D3: =SUMPRODUCT((exercicio_alternativo!$A$2:$A$400=A3)*(exercicio_alternativo!$G$2:$G$400=TRUE())) -> 1 | E3: =IF(AND(C3>=2,C3<=4,D3>=1),"OK",IF(AND(C3>=2,C3<=4),"FALTA ALTERNATIVA SEM EQUIPAMENTO","FORA DE 2 A 4 ALTERNATIVAS")) -> OK | G3: Total: | H3: =COUNTA(A2:A90) -> 89
A4: 3 | B4: =IFERROR(INDEX(exercicio!$B$2:$B$190,MATCH(A4,exercicio!$A$2:$A$190,0)),"") -> Voador Peitoral | C4: =COUNTIF(exercicio_alternativo!$A$2:$A$400,A4) -> 3 | D4: =SUMPRODUCT((exercicio_alternativo!$A$2:$A$400=A4)*(exercicio_alternativo!$G$2:$G$400=TRUE())) -> 1 | E4: =IF(AND(C4>=2,C4<=4,D4>=1),"OK",IF(AND(C4>=2,C4<=4),"FALTA ALTERNATIVA SEM EQUIPAMENTO","FORA DE 2 A 4 ALTERNATIVAS")) -> OK
A5: 4 | B5: =IFERROR(INDEX(exercicio!$B$2:$B$190,MATCH(A5,exercicio!$A$2:$A$190,0)),"") -> Flexão de Braço | C5: =COUNTIF(exercicio_alternativo!$A$2:$A$400,A5) -> 4 | D5: =SUMPRODUCT((exercicio_alternativo!$A$2:$A$400=A5)*(exercicio_alternativo!$G$2:$G$400=TRUE())) -> 2 | E5: =IF(AND(C5>=2,C5<=4,D5>=1),"OK",IF(AND(C5>=2,C5<=4),"FALTA ALTERNATIVA SEM EQUIPAMENTO","FORA DE 2 A 4 ALTERNATIVAS")) -> OK
A6: 5 | B6: =IFERROR(INDEX(exercicio!$B$2:$B$190,MATCH(A6,exercicio!$A$2:$A$190,0)),"") -> Flexão com Apoio Afastado | C6: =COUNTIF(exercicio_alternativo!$A$2:$A$400,A6) -> 4 | D6: =SUMPRODUCT((exercicio_alternativo!$A$2:$A$400=A6)*(exercicio_alternativo!$G$2:$G$400=TRUE())) -> 2 | E6: =IF(AND(C6>=2,C6<=4,D6>=1),"OK",IF(AND(C6>=2,C6<=4),"FALTA ALTERNATIVA SEM EQUIPAMENTO","FORA DE 2 A 4 ALTERNATIVAS")) -> OK
A7: 6 | B7: =IFERROR(INDEX(exercicio!$B$2:$B$190,MATCH(A7,exercicio!$A$2:$A$190,0)),"") -> Flexão com Pés Elevados | C7: =COUNTIF(exercicio_alternativo!$A$2:$A$400,A7) -> 4 | D7: =SUMPRODUCT((exercicio_alternativo!$A$2:$A$400=A7)*(exercicio_alternativo!$G$2:$G$400=TRUE())) -> 2 | E7: =IF(AND(C7>=2,C7<=4,D7>=1),"OK",IF(AND(C7>=2,C7<=4),"FALTA ALTERNATIVA SEM EQUIPAMENTO","FORA DE 2 A 4 ALTERNATIVAS")) -> OK
A8: 7 | B8: =IFERROR(INDEX(exercicio!$B$2:$B$190,MATCH(A8,exercicio!$A$2:$A$190,0)),"") -> Mergulho em Paralelas | C8: =COUNTIF(exercicio_alternativo!$A$2:$A$400,A8) -> 3 | D8: =SUMPRODUCT((exercicio_alternativo!$A$2:$A$400=A8)*(exercicio_alternativo!$G$2:$G$400=TRUE())) -> 2 | E8: =IF(AND(C8>=2,C8<=4,D8>=1),"OK",IF(AND(C8>=2,C8<=4),"FALTA ALTERNATIVA SEM EQUIPAMENTO","FORA DE 2 A 4 ALTERNATIVAS")) -> OK
A9: 8 | B9: =IFERROR(INDEX(exercicio!$B$2:$B$190,MATCH(A9,exercicio!$A$2:$A$190,0)),"") -> Flexão Diamante | C9: =COUNTIF(exercicio_alternativo!$A$2:$A$400,A9) -> 4 | D9: =SUMPRODUCT((exercicio_alternativo!$A$2:$A$400=A9)*(exercicio_alternativo!$G$2:$G$400=TRUE())) -> 2 | E9: =IF(AND(C9>=2,C9<=4,D9>=1),"OK",IF(AND(C9>=2,C9<=4),"FALTA ALTERNATIVA SEM EQUIPAMENTO","FORA DE 2 A 4 ALTERNATIVAS")) -> OK
A10: 9 | B10: =IFERROR(INDEX(exercicio!$B$2:$B$190,MATCH(A10,exercicio!$A$2:$A$190,0)),"") -> Flexão em Pique | C10: =COUNTIF(exercicio_alternativo!$A$2:$A$400,A10) -> 4 | D10: =SUMPRODUCT((exercicio_alternativo!$A$2:$A$400=A10)*(exercicio_alternativo!$G$2:$G$400=TRUE())) -> 2 | E10: =IF(AND(C10>=2,C10<=4,D10>=1),"OK",IF(AND(C10>=2,C10<=4),"FALTA ALTERNATIVA SEM EQUIPAMENTO","FORA DE 2 A 4 ALTERNATIVAS")) -> OK
A11: 10 | B11: =IFERROR(INDEX(exercicio!$B$2:$B$190,MATCH(A11,exercicio!$A$2:$A$190,0)),"") -> Flexão nas Pontas dos Dedos | C11: =COUNTIF(exercicio_alternativo!$A$2:$A$400,A11) -> 3 | D11: =SUMPRODUCT((exercicio_alternativo!$A$2:$A$400=A11)*(exercicio_alternativo!$G$2:$G$400=TRUE())) -> 1 | E11: =IF(AND(C11>=2,C11<=4,D11>=1),"OK",IF(AND(C11>=2,C11<=4),"FALTA ALTERNATIVA SEM EQUIPAMENTO","FORA DE 2 A 4 ALTERNATIVAS")) -> OK
A12: 11 | B12: =IFERROR(INDEX(exercicio!$B$2:$B$190,MATCH(A12,exercicio!$A$2:$A$190,0)),"") -> Desenvolvimento com Halteres | C12: =COUNTIF(exercicio_alternativo!$A$2:$A$400,A12) -> 3 | D12: =SUMPRODUCT((exercicio_alternativo!$A$2:$A$400=A12)*(exercicio_alternativo!$G$2:$G$400=TRUE())) -> 1 | E12: =IF(AND(C12>=2,C12<=4,D12>=1),"OK",IF(AND(C12>=2,C12<=4),"FALTA ALTERNATIVA SEM EQUIPAMENTO","FORA DE 2 A 4 ALTERNATIVAS")) -> OK
A13: 12 | B13: =IFERROR(INDEX(exercicio!$B$2:$B$190,MATCH(A13,exercicio!$A$2:$A$190,0)),"") -> Elevação Lateral no Cabo | C13: =COUNTIF(exercicio_alternativo!$A$2:$A$400,A13) -> 3 | D13: =SUMPRODUCT((exercicio_alternativo!$A$2:$A$400=A13)*(exercicio_alternativo!$G$2:$G$400=TRUE())) -> 1 | E13: =IF(AND(C13>=2,C13<=4,D13>=1),"OK",IF(AND(C13>=2,C13<=4),"FALTA ALTERNATIVA SEM EQUIPAMENTO","FORA DE 2 A 4 ALTERNATIVAS")) -> OK
A14: 13 | B14: =IFERROR(INDEX(exercicio!$B$2:$B$190,MATCH(A14,exercicio!$A$2:$A$190,0)),"") -> Elevação Lateral na Máquina | C14: =COUNTIF(exercicio_alternativo!$A$2:$A$400,A14) -> 3 | D14: =SUMPRODUCT((exercicio_alternativo!$A$2:$A$400=A14)*(exercicio_alternativo!$G$2:$G$400=TRUE())) -> 1 | E14: =IF(AND(C14>=2,C14<=4,D14>=1),"OK",IF(AND(C14>=2,C14<=4),"FALTA ALTERNATIVA SEM EQUIPAMENTO","FORA DE 2 A 4 ALTERNATIVAS")) -> OK
A15: 14 | B15: =IFERROR(INDEX(exercicio!$B$2:$B$190,MATCH(A15,exercicio!$A$2:$A$190,0)),"") -> Crucifixo Invertido na Polia | C15: =COUNTIF(exercicio_alternativo!$A$2:$A$400,A15) -> 3 | D15: =SUMPRODUCT((exercicio_alternativo!$A$2:$A$400=A15)*(exercicio_alternativo!$G$2:$G$400=TRUE())) -> 2 | E15: =IF(AND(C15>=2,C15<=4,D15>=1),"OK",IF(AND(C15>=2,C15<=4),"FALTA ALTERNATIVA SEM EQUIPAMENTO","FORA DE 2 A 4 ALTERNATIVAS")) -> OK
... A90: 89 | B90: =IFERROR(INDEX(exercicio!$B$2:$B$190,MATCH(A90,exercicio!$A$2:$A$190,0)),"") -> Afundo Lateral | C90: =COUNTIF(exercicio_alternativo!$A$2:$A$400,A90) -> 4 | D90: =SUMPRODUCT((exercicio_alternativo!$A$2:$A$400=A90)*(exercicio_alternativo!$G$2:$G$400=TRUE())) -> 3 | E90: =IF(AND(C90>=2,C90<=4,D90>=1),"OK",IF(AND(C90>=2,C90<=4),"FALTA ALTERNATIVA SEM EQUIPAMENTO","FORA DE 2 A 4 ALTERNATIVAS")) -> OK

Sheet mudancas
A1: tipo | B1: antes | C1: depois | D1: motivo
A2: Adicionado (listas dos usuários) | B2: Supino Reto com Halteres, Supino Inclinado com Barra, Supino na Máquina, Supino Inclinado na Máquina, Crucifixo Reto com Halteres, Crossover na Polia | C2: - | D2: Citados com nome claro nas listas de treino; fonte em exercicio_fonte
A3: Adicionado (listas dos usuários) | B3: Elevação Lateral com Halteres, Desenvolvimento na Máquina, Elevação Frontal na Polia, Puxada Alta com Triângulo, Remada Cavalinho | C3: - | D3: Idem
A4: Adicionado (listas dos usuários) | B4: Rosca Martelo, Rosca por Trás do Corpo na Polia, Tríceps Testa com Barra W | C4: - | D4: Idem
A5: Adicionado (listas dos usuários) | B5: Agachamento no Smith, Agachamento Hack, Mesa Flexora, Elevação de Panturrilha Sentado, Cadeira Adutora, Cadeira Abdutora | C5: - | D5: Idem
A6: Adicionado (regra sem equipamento) | B6: Abdução de Quadril Deitado de Lado, Adução de Quadril Deitado de Lado, Afundo Lateral | C6: - | D6: Necessários para Cadeira Abdutora/Adutora terem alternativa sem equipamento; com estudo EMG
A7: Mapeado para exercício existente | B7: Lat Pulldown, Puxada Frontal, Puxada Alta (Máquina) | C7: Puxada Alta | D7: Mesmo exercício (nomes viraram apelidos para a busca)
A8: Mapeado para exercício existente | B8: Pull Up | C8: Barra Fixa | D8: Idem
A9: Mapeado para exercício existente | B9: Iso-Lateral Row, Remada Iso-Lateral, Remada Baixa Iso-Lateral | C9: Remada Unilateral Articulada | D9: Idem
A10: Mapeado para exercício existente | B10: Tríceps na Paralela | C10: Mergulho em Paralelas | D10: Idem
A11: Mapeado para exercício existente | B11: Tríceps da Polia, Tríceps na Polia com Corda, Tríceps Corda | C11: Tríceps Pulley | D11: Corda/barra são acessórios da polia
A12: Mapeado para exercício existente | B12: Overhead Triceps Extension, Extensão de Tríceps Acima da Cabeça (Cabo), Tríceps Francês | C12: Tríceps Francês na Polia | D12: Idem
... A44: Observação | B44: Níveis de dificuldade | C44: - | D44: Em sua maioria estimados (só a ACE classifica dificuldade); validar com o professor
